sample_id,patient_id,gt_count,variant_key,variant_family,topology_class,leaflet_dice,leaflet_iou,pred_instance_count,instance_exact_count_acc,instance_mean_matched_iou,all_iou_ge_0.50,all_iou_ge_0.70,instance_merged_rate,instance_fragmented_rate,bridge_flag,missing_flag,seed_count,watershed_count
m04_p01_s00,m04_p01,2,current,identity,A,0.9504524726508046,0.9055830706888789,2,1.0,0.8993227451511014,1.0,1.0,0.0,0.0,0,0,2,2
m04_p01_s00,m04_p01,2,opening_k3,opening,A,0.9504377311232145,0.9055563060020713,2,1.0,0.8992619069763135,1.0,1.0,0.0,0.0,0,0,2,2
m04_p01_s00,m04_p01,2,opening_k5,opening,A,0.9504229878538684,0.9055295389048992,2,1.0,0.8993009963696337,1.0,1.0,0.0,0.0,0,0,2,2
m04_p01_s00,m04_p01,2,erode_restore_r1,erode_restore,A,0.9504524726508046,0.9055830706888789,2,1.0,0.8993227451511014,1.0,1.0,0.0,0.0,0,0,2,2
m04_p01_s00,m04_p01,2,erode_restore_r2,erode_restore,A,0.9504524726508046,0.9055830706888789,2,1.0,0.8993227451511014,1.0,1.0,0.0,0.0,0,0,2,2
m04_p01_s00,m04_p01,2,neck_cut_w2,neck_cut,A,0.9504524726508046,0.9055830706888789,2,1.0,0.8993227451511014,1.0,1.0,0.0,0.0,0,0,2,2
m04_p01_s00,m04_p01,2,neck_cut_w3,neck_cut,A,0.9504524726508046,0.9055830706888789,2,1.0,0.8993227451511014,1.0,1.0,0.0,0.0,0,0,2,2
m04_p01_s01,m04_p01,3,current,identity,D,0.9086510682878821,0.8325944543349507,3,1.0,0.1592250949143245,0.0,0.0,0.0,0.0,1,1,3,3
m04_p01_s01,m04_p01,3,opening_k3,opening,D,0.9086625473896781,0.8326137302594062,3,1.0,0.1591821121311854,0.0,0.0,0.0,0.0,1,1,3,3
m04_p01_s01,m04_p01,3,opening_k5,opening,D,0.9086486864081185,0.832590454688282,3,1.0,0.3906349774456279,0.0,0.0,0.0,0.0,1,1,3,3
m04_p01_s01,m04_p01,3,erode_restore_r1,erode_restore,D,0.9086510682878821,0.8325944543349507,3,1.0,0.1592250949143245,0.0,0.0,0.0,0.0,1,1,3,3
m04_p01_s01,m04_p01,3,erode_restore_r2,erode_restore,D,0.9086510682878821,0.8325944543349507,3,1.0,0.1592250949143245,0.0,0.0,0.0,0.0,1,1,3,3
m04_p01_s01,m04_p01,3,neck_cut_w2,neck_cut,D,0.8948284125452194,0.8096737399900197,3,1.0,0.36398433831812166,0.0,0.0,0.0,0.0,1,1,3,3
m04_p01_s01,m04_p01,3,neck_cut_w3,neck_cut,D,0.8826758055663396,0.7899907743551035,3,1.0,0.36717715951994423,0.0,0.0,0.0,0.0,1,1,3,3
m04_p01_s02,m04_p01,1,current,identity,C,0.7873361564831619,0.6492616735399761,1,1.0,0.6492616735399761,1.0,0.0,0.0,0.0,0,1,1,1
m04_p01_s02,m04_p01,1,opening_k3,opening,C,0.7872773844819588,0.6491817456093667,1,1.0,0.6491817456093667,1.0,0.0,0.0,0.0,0,1,1,1
m04_p01_s02,m04_p01,1,opening_k5,opening,C,0.7874117409723623,0.6493644772742397,1,1.0,0.6493644772742397,1.0,0.0,0.0,0.0,0,1,1,1
m04_p01_s02,m04_p01,1,erode_restore_r1,erode_restore,C,0.7873361564831619,0.6492616735399761,1,1.0,0.6492616735399761,1.0,0.0,0.0,0.0,0,1,1,1
m04_p01_s02,m04_p01,1,erode_restore_r2,erode_restore,C,0.7873361564831619,0.6492616735399761,1,1.0,0.6492616735399761,1.0,0.0,0.0,0.0,0,1,1,1
m04_p01_s02,m04_p01,1,neck_cut_w2,neck_cut,C,0.7873361564831619,0.6492616735399761,1,1.0,0.6492616735399761,1.0,0.0,0.0,0.0,0,1,1,1
m04_p01_s02,m04_p01,1,neck_cut_w3,neck_cut,C,0.7873361564831619,0.6492616735399761,1,1.0,0.6492616735399761,1.0,0.0,0.0,0.0,0,1,1,1
m04_p01_s04,m04_p01,3,current,identity,C,0.8955846322264505,0.8109128669876333,5,0.0,0.7269587127256533,0.0,0.0,0.0,1.0,0,1,0,5
m04_p01_s04,m04_p01,3,opening_k3,opening,C,0.8954147257178614,0.8106343136792081,5,0.0,0.7268083563015479,0.0,0.0,0.0,1.0,0,1,0,5
m04_p01_s04,m04_p01,3,opening_k5,opening,C,0.8950873837057647,0.8100978941735655,4,0.0,0.726653559726769,0.0,0.0,0.0,1.0,0,1,0,4
m04_p01_s04,m04_p01,3,erode_restore_r1,erode_restore,C,0.8956001946201432,0.8109383850462584,4,0.0,0.726981147173502,0.0,0.0,0.0,1.0,0,1,0,4
m04_p01_s04,m04_p01,3,erode_restore_r2,erode_restore,C,0.8956001946201432,0.8109383850462584,4,0.0,0.726981147173502,0.0,0.0,0.0,1.0,0,1,0,4
m04_p01_s04,m04_p01,3,neck_cut_w2,neck_cut,C,0.8955846322264505,0.8109128669876333,5,0.0,0.7269587127256533,0.0,0.0,0.0,1.0,0,1,0,5
m04_p01_s04,m04_p01,3,neck_cut_w3,neck_cut,C,0.8955846322264505,0.8109128669876333,5,0.0,0.7269587127256533,0.0,0.0,0.0,1.0,0,1,0,5
m04_p01_s05,m04_p01,3,current,identity,D,0.9051796588178052,0.8267837422899776,3,1.0,0.396633120651621,0.0,0.0,0.0,0.0,1,1,3,3
m04_p01_s05,m04_p01,3,opening_k3,opening,D,0.9050231542931304,0.8265226409503542,3,1.0,0.3960535769331161,0.0,0.0,0.0,0.0,1,1,3,3
m04_p01_s05,m04_p01,3,opening_k5,opening,D,0.9047208020715756,0.8260184287099903,3,1.0,0.33211720405702955,0.0,0.0,0.0,0.0,1,1,3,3
m04_p01_s05,m04_p01,3,erode_restore_r1,erode_restore,D,0.9050908688760275,0.8266356021224446,3,1.0,0.3962588946190973,0.0,0.0,0.0,0.0,1,1,3,3
m04_p01_s05,m04_p01,3,erode_restore_r2,erode_restore,D,0.9050908688760275,0.8266356021224446,3,1.0,0.3962588946190973,0.0,0.0,0.0,0.0,1,1,3,3
m04_p01_s05,m04_p01,3,neck_cut_w2,neck_cut,D,0.9051796588178052,0.8267837422899776,3,1.0,0.396633120651621,0.0,0.0,0.0,0.0,1,1,3,3
m04_p01_s05,m04_p01,3,neck_cut_w3,neck_cut,D,0.9051796588178052,0.8267837422899776,3,1.0,0.396633120651621,0.0,0.0,0.0,0.0,1,1,3,3
m04_p01_s06,m04_p01,3,current,identity,D,0.8342504361830627,0.7156343541330877,4,0.0,0.5794824052228921,0.0,0.0,0.0,1.0,1,1,0,4
m04_p01_s06,m04_p01,3,opening_k3,opening,D,0.83439796843012,0.715851504914005,4,0.0,0.5796030889995626,0.0,0.0,0.0,1.0,1,1,0,4
m04_p01_s06,m04_p01,3,opening_k5,opening,D,0.8341987466427931,0.7155582859775764,4,0.0,0.5794775582431196,0.0,0.0,0.0,1.0,1,1,0,4
m04_p01_s06,m04_p01,3,erode_restore_r1,erode_restore,D,0.834259766695373,0.7156480859637341,4,0.0,0.5794900002192979,0.0,0.0,0.0,1.0,1,1,0,4
m04_p01_s06,m04_p01,3,erode_restore_r2,erode_restore,D,0.834259766695373,0.7156480859637341,4,0.0,0.5794900002192979,0.0,0.0,0.0,1.0,1,1,0,4
m04_p01_s06,m04_p01,3,neck_cut_w2,neck_cut,D,0.8342504361830627,0.7156343541330877,4,0.0,0.5794824052228921,0.0,0.0,0.0,1.0,1,1,0,4
m04_p01_s06,m04_p01,3,neck_cut_w3,neck_cut,D,0.8342504361830627,0.7156343541330877,4,0.0,0.5794824052228921,0.0,0.0,0.0,1.0,1,1,0,4
m04_p01_s07,m04_p01,2,current,identity,D,0.817710806653956,0.6916334947964127,3,0.0,0.2183198372686098,0.0,0.0,0.0,1.0,1,1,0,3
m04_p01_s07,m04_p01,2,opening_k3,opening,D,0.8176017695350717,0.6914774975716804,2,1.0,0.2180946591882408,0.0,0.0,0.0,0.0,1,1,2,2
m04_p01_s07,m04_p01,2,opening_k5,opening,D,0.8184005280003407,0.6926209323835721,3,0.0,0.2181536803415733,0.0,0.0,0.0,1.0,1,1,0,3
m04_p01_s07,m04_p01,2,erode_restore_r1,erode_restore,D,0.8175908926584109,0.6914619378199824,2,1.0,0.2181089854271704,0.0,0.0,0.0,0.0,1,1,2,2
m04_p01_s07,m04_p01,2,erode_restore_r2,erode_restore,D,0.8175908926584109,0.6914619378199824,2,1.0,0.2181089854271704,0.0,0.0,0.0,0.0,1,1,2,2
m04_p01_s07,m04_p01,2,neck_cut_w2,neck_cut,D,0.817710806653956,0.6916334947964127,3,0.0,0.2183198372686098,0.0,0.0,0.0,1.0,1,1,0,3
m04_p01_s07,m04_p01,2,neck_cut_w3,neck_cut,D,0.817710806653956,0.6916334947964127,3,0.0,0.2183198372686098,0.0,0.0,0.0,1.0,1,1,0,3
m04_p01_s08,m04_p01,2,current,identity,C,0.9337190267132971,0.8756782218810517,3,0.0,0.8586830307371561,1.0,1.0,0.0,1.0,0,1,0,3
m04_p01_s08,m04_p01,2,opening_k3,opening,C,0.9336310354451577,0.8755234505862647,3,0.0,0.8584389620138237,1.0,1.0,0.0,1.0,0,1,0,3
m04_p01_s08,m04_p01,2,opening_k5,opening,C,0.9338283183535235,0.8758704948075748,2,1.0,0.8587605003889721,1.0,1.0,0.0,0.0,0,1,2,2
m04_p01_s08,m04_p01,2,erode_restore_r1,erode_restore,C,0.9337190267132971,0.8756782218810517,3,0.0,0.8586830307371561,1.0,1.0,0.0,1.0,0,1,0,3
m04_p01_s08,m04_p01,2,erode_restore_r2,erode_restore,C,0.9337562908732336,0.8757437749742624,2,1.0,0.8586830307371561,1.0,1.0,0.0,0.0,0,1,2,2
m04_p01_s08,m04_p01,2,neck_cut_w2,neck_cut,C,0.9337190267132971,0.8756782218810517,3,0.0,0.8586830307371561,1.0,1.0,0.0,1.0,0,1,0,3
m04_p01_s08,m04_p01,2,neck_cut_w3,neck_cut,C,0.9337190267132971,0.8756782218810517,3,0.0,0.8586830307371561,1.0,1.0,0.0,1.0,0,1,0,3
m04_p01_s09,m04_p01,3,current,identity,C,0.8909670420237324,0.8033729165718793,7,0.0,0.7091555229594554,1.0,0.0,0.0,1.0,0,1,0,7
m04_p01_s09,m04_p01,3,opening_k3,opening,C,0.8911788953009069,0.803717472118959,4,0.0,0.7092183888641562,1.0,0.0,0.0,1.0,0,1,0,4
m04_p01_s09,m04_p01,3,opening_k5,opening,C,0.8911316117302448,0.8036405592919279,4,0.0,0.708744480520688,1.0,0.0,0.0,1.0,0,1,0,4
m04_p01_s09,m04_p01,3,erode_restore_r1,erode_restore,C,0.8911394108641892,0.8036532451376035,4,0.0,0.7091555229594554,1.0,0.0,0.0,1.0,0,1,0,4
m04_p01_s09,m04_p01,3,erode_restore_r2,erode_restore,C,0.8911394108641892,0.8036532451376035,4,0.0,0.7091555229594554,1.0,0.0,0.0,1.0,0,1,0,4
m04_p01_s09,m04_p01,3,neck_cut_w2,neck_cut,C,0.8909670420237324,0.8033729165718793,7,0.0,0.7091555229594554,1.0,0.0,0.0,1.0,0,1,0,7
m04_p01_s09,m04_p01,3,neck_cut_w3,neck_cut,C,0.8909670420237324,0.8033729165718793,7,0.0,0.7091555229594554,1.0,0.0,0.0,1.0,0,1,0,7
m04_p01_s10,m04_p01,3,current,identity,D,0.8913090797186841,0.8039292677642981,3,1.0,0.16018324180826696,0.0,0.0,0.0,0.0,1,1,3,3
m04_p01_s10,m04_p01,3,opening_k3,opening,D,0.8914313169076468,0.8041281794295311,3,1.0,0.16028978836435467,0.0,0.0,0.0,0.0,1,1,3,3
m04_p01_s10,m04_p01,3,opening_k5,opening,D,0.8914801438622046,0.80420764583164,3,1.0,0.4272268190033311,0.0,0.0,0.0,0.0,1,1,3,3
m04_p01_s10,m04_p01,3,erode_restore_r1,erode_restore,D,0.8913090797186841,0.8039292677642981,3,1.0,0.16018324180826696,0.0,0.0,0.0,0.0,1,1,3,3
m04_p01_s10,m04_p01,3,erode_restore_r2,erode_restore,D,0.8913090797186841,0.8039292677642981,3,1.0,0.16018324180826696,0.0,0.0,0.0,0.0,1,1,3,3
m04_p01_s10,m04_p01,3,neck_cut_w2,neck_cut,D,0.8841754945157964,0.7923965553455157,3,1.0,0.4242170444157611,0.0,0.0,0.0,0.0,1,1,3,3
m04_p01_s10,m04_p01,3,neck_cut_w3,neck_cut,D,0.8740861608356929,0.776334858344463,3,1.0,0.4185666470108009,0.0,0.0,0.0,0.0,1,1,3,3
m04_p01_s11,m04_p01,3,current,identity,D,0.8762496046136984,0.7797546574499561,3,1.0,0.4708224963666727,0.0,0.0,0.0,0.0,1,1,3,3
m04_p01_s11,m04_p01,3,opening_k3,opening,D,0.8762507357268982,0.7797564488673563,3,1.0,0.47082532344951167,0.0,0.0,0.0,0.0,1,1,3,3
m04_p01_s11,m04_p01,3,opening_k5,opening,D,0.8759166004063963,0.7792274138405313,3,1.0,0.42055191798731384,0.0,0.0,0.0,0.0,1,1,3,3
m04_p01_s11,m04_p01,3,erode_restore_r1,erode_restore,D,0.8762496046136984,0.7797546574499561,3,1.0,0.4708224963666727,0.0,0.0,0.0,0.0,1,1,3,3
m04_p01_s11,m04_p01,3,erode_restore_r2,erode_restore,D,0.8762496046136984,0.7797546574499561,3,1.0,0.4708224963666727,0.0,0.0,0.0,0.0,1,1,3,3
m04_p01_s11,m04_p01,3,neck_cut_w2,neck_cut,D,0.8728130353845127,0.7743285389059231,3,1.0,0.4051222828355801,0.0,0.0,0.0,0.0,1,1,3,3
m04_p01_s11,m04_p01,3,neck_cut_w3,neck_cut,D,0.8762496046136984,0.7797546574499561,3,1.0,0.4708224963666727,0.0,0.0,0.0,0.0,1,1,3,3
m04_p01_s13,m04_p01,2,current,identity,C,0.7870529340538196,0.6488765719053579,5,0.0,0.5394455616871094,0.0,0.0,0.0,1.0,0,1,0,5
m04_p01_s13,m04_p01,2,opening_k3,opening,C,0.7869880781293781,0.6487884116717832,5,0.0,0.5394461253390032,0.0,0.0,0.0,1.0,0,1,0,5
m04_p01_s13,m04_p01,2,opening_k5,opening,C,0.7869297119401096,0.6487090811519886,5,0.0,0.5394709782656514,0.0,0.0,0.0,1.0,0,1,0,5
m04_p01_s13,m04_p01,2,erode_restore_r1,erode_restore,C,0.7870529340538196,0.6488765719053579,5,0.0,0.5394455616871094,0.0,0.0,0.0,1.0,0,1,0,5
m04_p01_s13,m04_p01,2,erode_restore_r2,erode_restore,C,0.7870529340538196,0.6488765719053579,5,0.0,0.5394455616871094,0.0,0.0,0.0,1.0,0,1,0,5
m04_p01_s13,m04_p01,2,neck_cut_w2,neck_cut,C,0.7870529340538196,0.6488765719053579,5,0.0,0.5394455616871094,0.0,0.0,0.0,1.0,0,1,0,5
m04_p01_s13,m04_p01,2,neck_cut_w3,neck_cut,C,0.7870529340538196,0.6488765719053579,5,0.0,0.5394455616871094,0.0,0.0,0.0,1.0,0,1,0,5
m04_p01_s14,m04_p01,2,current,identity,D,0.8892288678101957,0.8005509344280004,3,0.0,0.22762221444370329,0.0,0.0,0.0,1.0,1,1,0,3
m04_p01_s14,m04_p01,2,opening_k3,opening,D,0.8892169216921693,0.8005315700764942,3,0.0,0.22759198190007185,0.0,0.0,0.0,1.0,1,1,0,3
m04_p01_s14,m04_p01,2,opening_k5,opening,D,0.889087624318014,0.8003220089903181,3,0.0,0.22744221824961217,0.0,0.0,0.0,1.0,1,1,0,3
m04_p01_s14,m04_p01,2,erode_restore_r1,erode_restore,D,0.8892288678101957,0.8005509344280004,3,0.0,0.22762221444370329,0.0,0.0,0.0,1.0,1,1,0,3
m04_p01_s14,m04_p01,2,erode_restore_r2,erode_restore,D,0.8892288678101957,0.8005509344280004,3,0.0,0.22762221444370329,0.0,0.0,0.0,1.0,1,1,0,3
m04_p01_s14,m04_p01,2,neck_cut_w2,neck_cut,D,0.8892288678101957,0.8005509344280004,3,0.0,0.22762221444370329,0.0,0.0,0.0,1.0,1,1,0,3
m04_p01_s14,m04_p01,2,neck_cut_w3,neck_cut,D,0.8892288678101957,0.8005509344280004,3,0.0,0.22762221444370329,0.0,0.0,0.0,1.0,1,1,0,3
m04_p01_s15,m04_p01,2,current,identity,E,0.9394130640580625,0.885748289199643,6,0.0,0.8970320383307461,1.0,1.0,0.0,1.0,0,0,0,6
m04_p01_s15,m04_p01,2,opening_k3,opening,E,0.9395456498294652,0.8859840592651388,6,0.0,0.8968974134001235,1.0,1.0,0.0,1.0,0,0,0,6
m04_p01_s15,m04_p01,2,opening_k5,opening,E,0.9399452612372364,0.8866950232535046,6,0.0,0.8970085943796431,1.0,1.0,0.0,1.0,0,0,0,6
m04_p01_s15,m04_p01,2,erode_restore_r1,erode_restore,E,0.9394212985282645,0.8857629303932426,6,0.0,0.8970320383307461,1.0,1.0,0.0,1.0,0,0,0,6
m04_p01_s15,m04_p01,2,erode_restore_r2,erode_restore,E,0.9394212985282645,0.8857629303932426,6,0.0,0.8970320383307461,1.0,1.0,0.0,1.0,0,0,0,6
m04_p01_s15,m04_p01,2,neck_cut_w2,neck_cut,E,0.9394130640580625,0.885748289199643,6,0.0,0.8970320383307461,1.0,1.0,0.0,1.0,0,0,0,6
m04_p01_s15,m04_p01,2,neck_cut_w3,neck_cut,E,0.9394130640580625,0.885748289199643,6,0.0,0.8970320383307461,1.0,1.0,0.0,1.0,0,0,0,6
m04_p01_s16,m04_p01,3,current,identity,D,0.9164105178818559,0.8457174354355161,4,0.0,0.5246311217600682,0.0,0.0,0.0,1.0,1,1,0,4
m04_p01_s16,m04_p01,3,opening_k3,opening,D,0.9165956268625179,0.846032792177223,4,0.0,0.5246358911748449,0.0,0.0,0.0,1.0,1,1,0,4
m04_p01_s16,m04_p01,3,opening_k5,opening,D,0.9171970807177177,0.8470581898002882,4,0.0,0.5246643121999556,0.0,0.0,0.0,1.0,1,1,0,4
m04_p01_s16,m04_p01,3,erode_restore_r1,erode_restore,D,0.9164305433143706,0.845751546114547,3,1.0,0.5246311217600682,0.0,0.0,0.0,0.0,1,1,3,3
m04_p01_s16,m04_p01,3,erode_restore_r2,erode_restore,D,0.9166442023969983,0.846115564641954,3,1.0,0.5246311217600682,0.0,0.0,0.0,0.0,1,1,3,3
m04_p01_s16,m04_p01,3,neck_cut_w2,neck_cut,D,0.9164105178818559,0.8457174354355161,4,0.0,0.5246311217600682,0.0,0.0,0.0,1.0,1,1,0,4
m04_p01_s16,m04_p01,3,neck_cut_w3,neck_cut,D,0.9164105178818559,0.8457174354355161,4,0.0,0.5246311217600682,0.0,0.0,0.0,1.0,1,1,0,4
m04_p01_s17,m04_p01,3,current,identity,C,0.9152938829907796,0.8438173885424851,7,0.0,0.7109180182113888,0.0,0.0,0.0,1.0,0,1,0,7
m04_p01_s17,m04_p01,3,opening_k3,opening,C,0.9154497795998331,0.8440824245668027,4,0.0,0.7108949141468067,0.0,0.0,0.0,1.0,0,1,0,4
m04_p01_s17,m04_p01,3,opening_k5,opening,C,0.9155999092764799,0.844337728398367,4,0.0,0.7111173789178404,0.0,0.0,0.0,1.0,0,1,0,4
m04_p01_s17,m04_p01,3,erode_restore_r1,erode_restore,C,0.9154266750088409,0.8440431402056684,4,0.0,0.7109180182113888,0.0,0.0,0.0,1.0,0,1,0,4
m04_p01_s17,m04_p01,3,erode_restore_r2,erode_restore,C,0.9154266750088409,0.8440431402056684,4,0.0,0.7109180182113888,0.0,0.0,0.0,1.0,0,1,0,4
m04_p01_s17,m04_p01,3,neck_cut_w2,neck_cut,C,0.9152938829907796,0.8438173885424851,7,0.0,0.7109180182113888,0.0,0.0,0.0,1.0,0,1,0,7
m04_p01_s17,m04_p01,3,neck_cut_w3,neck_cut,C,0.9152938829907796,0.8438173885424851,7,0.0,0.7109180182113888,0.0,0.0,0.0,1.0,0,1,0,7
m04_p01_s18,m04_p01,3,current,identity,C,0.8938968131926401,0.8081495685522531,4,0.0,0.7201755028841407,1.0,0.0,0.0,1.0,0,1,0,4
m04_p01_s18,m04_p01,3,opening_k3,opening,C,0.8938612671117843,0.8080914631547543,4,0.0,0.7200478912625887,1.0,0.0,0.0,1.0,0,1,0,4
m04_p01_s18,m04_p01,3,opening_k5,opening,C,0.8937584723286379,0.807923450686216,4,0.0,0.7197743592787952,1.0,0.0,0.0,1.0,0,1,0,4
m04_p01_s18,m04_p01,3,erode_restore_r1,erode_restore,C,0.8938968131926401,0.8081495685522531,4,0.0,0.7201755028841407,1.0,0.0,0.0,1.0,0,1,0,4
m04_p01_s18,m04_p01,3,erode_restore_r2,erode_restore,C,0.8938968131926401,0.8081495685522531,4,0.0,0.7201755028841407,1.0,0.0,0.0,1.0,0,1,0,4
m04_p01_s18,m04_p01,3,neck_cut_w2,neck_cut,C,0.8938968131926401,0.8081495685522531,4,0.0,0.7201755028841407,1.0,0.0,0.0,1.0,0,1,0,4
m04_p01_s18,m04_p01,3,neck_cut_w3,neck_cut,C,0.8802787878787879,0.7861588923649826,5,0.0,0.6488379207963529,1.0,0.0,0.0,1.0,0,1,0,5
m04_p01_s19,m04_p01,2,current,identity,C,0.8035130718954249,0.6715602594742233,5,0.0,0.5850292058868956,1.0,0.0,0.0,1.0,0,1,0,5
m04_p01_s19,m04_p01,2,opening_k3,opening,C,0.8034705249011733,0.6715008210180624,5,0.0,0.5848701203707761,1.0,0.0,0.0,1.0,0,1,0,5
m04_p01_s19,m04_p01,2,opening_k5,opening,C,0.8037496362821349,0.6718908187280592,6,0.0,0.5848645557128445,1.0,0.0,0.0,1.0,0,1,0,6
m04_p01_s19,m04_p01,2,erode_restore_r1,erode_restore,C,0.8035193841077811,0.671569078040261,5,0.0,0.5850292058868956,1.0,0.0,0.0,1.0,0,1,0,5
m04_p01_s19,m04_p01,2,erode_restore_r2,erode_restore,C,0.8035193841077811,0.671569078040261,5,0.0,0.5850292058868956,1.0,0.0,0.0,1.0,0,1,0,5
m04_p01_s19,m04_p01,2,neck_cut_w2,neck_cut,C,0.8035130718954249,0.6715602594742233,5,0.0,0.5850292058868956,1.0,0.0,0.0,1.0,0,1,0,5
m04_p01_s19,m04_p01,2,neck_cut_w3,neck_cut,C,0.8035130718954249,0.6715602594742233,5,0.0,0.5850292058868956,1.0,0.0,0.0,1.0,0,1,0,5
m04_p01_s20,m04_p01,3,current,identity,D,0.8946772969879278,0.8094263282115505,5,0.0,0.4325406956205316,0.0,0.0,0.0,1.0,1,1,0,5
m04_p01_s20,m04_p01,3,opening_k3,opening,D,0.8945914461640873,0.8092858003131398,3,1.0,0.36731271078265054,0.0,0.0,0.0,0.0,1,1,3,3
m04_p01_s20,m04_p01,3,opening_k5,opening,D,0.8945871981142755,0.8092788473122425,3,1.0,0.43157199459844864,0.0,0.0,0.0,0.0,1,1,3,3
m04_p01_s20,m04_p01,3,erode_restore_r1,erode_restore,D,0.8946258028019034,0.8093420355474207,3,1.0,0.36723258653523505,0.0,0.0,0.0,0.0,1,1,3,3
m04_p01_s20,m04_p01,3,erode_restore_r2,erode_restore,D,0.8946258028019034,0.8093420355474207,3,1.0,0.36723258653523505,0.0,0.0,0.0,0.0,1,1,3,3
m04_p01_s20,m04_p01,3,neck_cut_w2,neck_cut,D,0.8946772969879278,0.8094263282115505,5,0.0,0.4325406956205316,0.0,0.0,0.0,1.0,1,1,0,5
m04_p01_s20,m04_p01,3,neck_cut_w3,neck_cut,D,0.8946772969879278,0.8094263282115505,5,0.0,0.4325406956205316,0.0,0.0,0.0,1.0,1,1,0,5
m04_p01_s22,m04_p01,3,current,identity,D,0.8821421487603306,0.7891362464217275,3,1.0,0.3901284592761027,0.0,0.0,0.0,0.0,1,1,3,3
m04_p01_s22,m04_p01,3,opening_k3,opening,D,0.8818977831860748,0.7887452237587688,3,1.0,0.38981316056110865,0.0,0.0,0.0,0.0,1,1,3,3
m04_p01_s22,m04_p01,3,opening_k5,opening,D,0.8814846670415826,0.7880845626944599,3,1.0,0.3891768679393781,0.0,0.0,0.0,0.0,1,1,3,3
m04_p01_s22,m04_p01,3,erode_restore_r1,erode_restore,D,0.8821421487603306,0.7891362464217275,3,1.0,0.3901284592761027,0.0,0.0,0.0,0.0,1,1,3,3
m04_p01_s22,m04_p01,3,erode_restore_r2,erode_restore,D,0.8821421487603306,0.7891362464217275,3,1.0,0.3901284592761027,0.0,0.0,0.0,0.0,1,1,3,3
m04_p01_s22,m04_p01,3,neck_cut_w2,neck_cut,D,0.8821421487603306,0.7891362464217275,3,1.0,0.3901284592761027,0.0,0.0,0.0,0.0,1,1,3,3
m04_p01_s22,m04_p01,3,neck_cut_w3,neck_cut,D,0.8821421487603306,0.7891362464217275,3,1.0,0.3901284592761027,0.0,0.0,0.0,0.0,1,1,3,3
m04_p01_s23,m04_p01,3,current,identity,D,0.910520065008126,0.8357382598468115,4,0.0,0.532013613455328,0.0,0.0,0.0,1.0,1,1,0,4
m04_p01_s23,m04_p01,3,opening_k3,opening,D,0.9105928693124091,0.8358609409300257,4,0.0,0.5320672058895067,0.0,0.0,0.0,1.0,1,1,0,4
m04_p01_s23,m04_p01,3,opening_k5,opening,D,0.9110588014483346,0.8366464623251271,4,0.0,0.5321345630540714,0.0,0.0,0.0,1.0,1,1,0,4
m04_p01_s23,m04_p01,3,erode_restore_r1,erode_restore,D,0.910520065008126,0.8357382598468115,4,0.0,0.532013613455328,0.0,0.0,0.0,1.0,1,1,0,4
m04_p01_s23,m04_p01,3,erode_restore_r2,erode_restore,D,0.910520065008126,0.8357382598468115,4,0.0,0.532013613455328,0.0,0.0,0.0,1.0,1,1,0,4
m04_p01_s23,m04_p01,3,neck_cut_w2,neck_cut,D,0.910520065008126,0.8357382598468115,4,0.0,0.532013613455328,0.0,0.0,0.0,1.0,1,1,0,4
m04_p01_s23,m04_p01,3,neck_cut_w3,neck_cut,D,0.910520065008126,0.8357382598468115,4,0.0,0.532013613455328,0.0,0.0,0.0,1.0,1,1,0,4
m04_p01_s24,m04_p01,2,current,identity,C,0.8609239653512993,0.7558090409801437,2,1.0,0.6114916336561519,0.0,0.0,0.0,0.0,0,1,2,2
m04_p01_s24,m04_p01,2,opening_k3,opening,C,0.8609807460890493,0.755896569028816,2,1.0,0.611548735473755,0.0,0.0,0.0,0.0,0,1,2,2
m04_p01_s24,m04_p01,2,opening_k5,opening,C,0.8610546904385767,0.7560105680317041,2,1.0,0.6113446682088113,0.0,0.0,0.0,0.0,0,1,2,2
m04_p01_s24,m04_p01,2,erode_restore_r1,erode_restore,C,0.8609239653512993,0.7558090409801437,2,1.0,0.6114916336561519,0.0,0.0,0.0,0.0,0,1,2,2
m04_p01_s24,m04_p01,2,erode_restore_r2,erode_restore,C,0.8609239653512993,0.7558090409801437,2,1.0,0.6114916336561519,0.0,0.0,0.0,0.0,0,1,2,2
m04_p01_s24,m04_p01,2,neck_cut_w2,neck_cut,C,0.8609239653512993,0.7558090409801437,2,1.0,0.6114916336561519,0.0,0.0,0.0,0.0,0,1,2,2
m04_p01_s24,m04_p01,2,neck_cut_w3,neck_cut,C,0.8609239653512993,0.7558090409801437,2,1.0,0.6114916336561519,0.0,0.0,0.0,0.0,0,1,2,2
m04_p01_s25,m04_p01,3,current,identity,C,0.8901331092900628,0.802017896687305,7,0.0,0.5995604615600262,0.0,0.0,0.0,1.0,0,1,0,7
m04_p01_s25,m04_p01,3,opening_k3,opening,C,0.8899885228320382,0.801783171740457,7,0.0,0.5992879478438032,0.0,0.0,0.0,1.0,0,1,0,7
m04_p01_s25,m04_p01,3,opening_k5,opening,C,0.889686413773199,0.8012929183336723,7,0.0,0.5988984487762455,0.0,0.0,0.0,1.0,0,1,0,7
m04_p01_s25,m04_p01,3,erode_restore_r1,erode_restore,C,0.8901191916785273,0.8019952998598997,7,0.0,0.5995604615600262,0.0,0.0,0.0,1.0,0,1,0,7
m04_p01_s25,m04_p01,3,erode_restore_r2,erode_restore,C,0.8901191916785273,0.8019952998598997,7,0.0,0.5995604615600262,0.0,0.0,0.0,1.0,0,1,0,7
m04_p01_s25,m04_p01,3,neck_cut_w2,neck_cut,C,0.8901331092900628,0.802017896687305,7,0.0,0.5995604615600262,0.0,0.0,0.0,1.0,0,1,0,7
m04_p01_s25,m04_p01,3,neck_cut_w3,neck_cut,C,0.8901331092900628,0.802017896687305,7,0.0,0.5995604615600262,0.0,0.0,0.0,1.0,0,1,0,7
m04_p01_s26,m04_p01,3,current,identity,C,0.9302495387135288,0.869594893742621,5,0.0,0.7342072933798285,0.0,0.0,0.0,1.0,0,1,0,5
m04_p01_s26,m04_p01,3,opening_k3,opening,C,0.930204097745845,0.869515480276025,5,0.0,0.7338447108786031,0.0,0.0,0.0,1.0,0,1,0,5
m04_p01_s26,m04_p01,3,opening_k5,opening,C,0.9305008246669234,0.8700341675131591,4,0.0,0.7338500437744312,0.0,0.0,0.0,1.0,0,1,0,4
m04_p01_s26,m04_p01,3,erode_restore_r1,erode_restore,C,0.9302495387135288,0.869594893742621,5,0.0,0.7342072933798285,0.0,0.0,0.0,1.0,0,1,0,5
m04_p01_s26,m04_p01,3,erode_restore_r2,erode_restore,C,0.9306076519129782,0.8702209750964573,4,0.0,0.7342072933798285,0.0,0.0,0.0,1.0,0,1,0,4
m04_p01_s26,m04_p01,3,neck_cut_w2,neck_cut,C,0.9302495387135288,0.869594893742621,5,0.0,0.7342072933798285,0.0,0.0,0.0,1.0,0,1,0,5
m04_p01_s26,m04_p01,3,neck_cut_w3,neck_cut,C,0.9302495387135288,0.869594893742621,5,0.0,0.7342072933798285,0.0,0.0,0.0,1.0,0,1,0,5
m04_p01_s27,m04_p01,3,current,identity,D,0.8927031279833034,0.8062003519954336,5,0.0,0.4207780848706839,0.0,0.0,0.0,1.0,1,1,0,5
m04_p01_s27,m04_p01,3,opening_k3,opening,D,0.8926151069897325,0.806056785336204,5,0.0,0.42069574323826936,0.0,0.0,0.0,1.0,1,1,0,5
m04_p01_s27,m04_p01,3,opening_k5,opening,D,0.8923825023555535,0.8056775053241484,4,0.0,0.4257305387152779,0.0,0.0,0.0,1.0,1,1,0,4
m04_p01_s27,m04_p01,3,erode_restore_r1,erode_restore,D,0.8926812567485712,0.8061646767825714,5,0.0,0.4207780848706839,0.0,0.0,0.0,1.0,1,1,0,5
m04_p01_s27,m04_p01,3,erode_restore_r2,erode_restore,D,0.8923954347582701,0.8056985884339585,3,1.0,0.4204066768775843,0.0,0.0,0.0,0.0,1,1,3,3
m04_p01_s27,m04_p01,3,neck_cut_w2,neck_cut,D,0.8927031279833034,0.8062003519954336,5,0.0,0.4207780848706839,0.0,0.0,0.0,1.0,1,1,0,5
m04_p01_s27,m04_p01,3,neck_cut_w3,neck_cut,D,0.8927031279833034,0.8062003519954336,5,0.0,0.4207780848706839,0.0,0.0,0.0,1.0,1,1,0,5
m04_p01_s28,m04_p01,2,current,identity,C,0.8438845505296072,0.7299310383891021,7,0.0,0.6859630820721957,1.0,0.0,0.0,1.0,0,1,0,7
m04_p01_s28,m04_p01,2,opening_k3,opening,C,0.8439086710125463,0.729967131361215,6,0.0,0.6858605281069158,1.0,0.0,0.0,1.0,0,1,0,6
m04_p01_s28,m04_p01,2,opening_k5,opening,C,0.8438091647474408,0.7298182436838971,7,0.0,0.6857991159348089,1.0,0.0,0.0,1.0,0,1,0,7
m04_p01_s28,m04_p01,2,erode_restore_r1,erode_restore,C,0.8439510781472568,0.7300305914343984,6,0.0,0.6859630820721957,1.0,0.0,0.0,1.0,0,1,0,6
m04_p01_s28,m04_p01,2,erode_restore_r2,erode_restore,C,0.8439510781472568,0.7300305914343984,6,0.0,0.6859630820721957,1.0,0.0,0.0,1.0,0,1,0,6
m04_p01_s28,m04_p01,2,neck_cut_w2,neck_cut,C,0.8438845505296072,0.7299310383891021,7,0.0,0.6859630820721957,1.0,0.0,0.0,1.0,0,1,0,7
m04_p01_s28,m04_p01,2,neck_cut_w3,neck_cut,C,0.8438845505296072,0.7299310383891021,7,0.0,0.6859630820721957,1.0,0.0,0.0,1.0,0,1,0,7
m04_p01_s29,m04_p01,2,current,identity,D,0.8793365986130643,0.7846571928063282,2,1.0,0.25638725113218835,0.0,0.0,0.0,0.0,1,1,2,2
m04_p01_s29,m04_p01,2,opening_k3,opening,D,0.879323723980057,0.7846366901804648,2,1.0,0.2563807968399863,0.0,0.0,0.0,0.0,1,1,2,2
m04_p01_s29,m04_p01,2,opening_k5,opening,D,0.8793299124074847,0.7846465450831379,2,1.0,0.25635937218112936,0.0,0.0,0.0,0.0,1,1,2,2
m04_p01_s29,m04_p01,2,erode_restore_r1,erode_restore,D,0.8793365986130643,0.7846571928063282,2,1.0,0.25638725113218835,0.0,0.0,0.0,0.0,1,1,2,2
m04_p01_s29,m04_p01,2,erode_restore_r2,erode_restore,D,0.8793365986130643,0.7846571928063282,2,1.0,0.25638725113218835,0.0,0.0,0.0,0.0,1,1,2,2
m04_p01_s29,m04_p01,2,neck_cut_w2,neck_cut,D,0.8793365986130643,0.7846571928063282,2,1.0,0.25638725113218835,0.0,0.0,0.0,0.0,1,1,2,2
m04_p01_s29,m04_p01,2,neck_cut_w3,neck_cut,D,0.8793365986130643,0.7846571928063282,2,1.0,0.25638725113218835,0.0,0.0,0.0,0.0,1,1,2,2
m04_p01_s30,m04_p01,2,current,identity,E,0.868965987205806,0.7682934176833861,7,0.0,0.8695896037998835,1.0,1.0,0.0,1.0,0,0,0,7
m04_p01_s30,m04_p01,2,opening_k3,opening,E,0.8694651608779033,0.7690741857659831,7,0.0,0.8697613551989214,1.0,1.0,0.0,1.0,0,0,0,7
m04_p01_s30,m04_p01,2,opening_k5,opening,E,0.8701201201201201,0.7700996677740863,6,0.0,0.8697583779085428,1.0,1.0,0.0,1.0,0,0,0,6
m04_p01_s30,m04_p01,2,erode_restore_r1,erode_restore,E,0.869040012948623,0.768409159385357,5,0.0,0.8695896037998835,1.0,1.0,0.0,1.0,0,0,0,5
m04_p01_s30,m04_p01,2,erode_restore_r2,erode_restore,E,0.869040012948623,0.768409159385357,5,0.0,0.8695896037998835,1.0,1.0,0.0,1.0,0,0,0,5
m04_p01_s30,m04_p01,2,neck_cut_w2,neck_cut,E,0.868965987205806,0.7682934176833861,7,0.0,0.8695896037998835,1.0,1.0,0.0,1.0,0,0,0,7
m04_p01_s30,m04_p01,2,neck_cut_w3,neck_cut,E,0.868965987205806,0.7682934176833861,7,0.0,0.8695896037998835,1.0,1.0,0.0,1.0,0,0,0,7
m04_p01_s32,m04_p01,3,current,identity,C,0.9205379368312159,0.8527746997693989,6,0.0,0.8117279500889382,1.0,0.0,0.0,1.0,0,1,0,6
m04_p01_s32,m04_p01,3,opening_k3,opening,C,0.9206803446993581,0.8530191590395014,5,0.0,0.8116948480226377,1.0,0.0,0.0,1.0,0,1,0,5
m04_p01_s32,m04_p01,3,opening_k5,opening,C,0.9212437915581368,0.8539870124027055,5,0.0,0.8122877373817299,1.0,0.0,0.0,1.0,0,1,0,5
m04_p01_s32,m04_p01,3,erode_restore_r1,erode_restore,C,0.9205676968834864,0.8528257809458205,5,0.0,0.8117279500889382,1.0,0.0,0.0,1.0,0,1,0,5
m04_p01_s32,m04_p01,3,erode_restore_r2,erode_restore,C,0.9205676968834864,0.8528257809458205,5,0.0,0.8117279500889382,1.0,0.0,0.0,1.0,0,1,0,5
m04_p01_s32,m04_p01,3,neck_cut_w2,neck_cut,C,0.9205379368312159,0.8527746997693989,6,0.0,0.8117279500889382,1.0,0.0,0.0,1.0,0,1,0,6
m04_p01_s32,m04_p01,3,neck_cut_w3,neck_cut,C,0.9205379368312159,0.8527746997693989,6,0.0,0.8117279500889382,1.0,0.0,0.0,1.0,0,1,0,6
m04_p01_s33,m04_p01,3,current,identity,D,0.8782858494710872,0.7829854415734671,5,0.0,0.5769184768993955,0.0,0.0,0.0,1.0,1,1,0,5
m04_p01_s33,m04_p01,3,opening_k3,opening,D,0.8783264820424059,0.7830500301386377,5,0.0,0.5765322416281804,0.0,0.0,0.0,1.0,1,1,0,5
m04_p01_s33,m04_p01,3,opening_k5,opening,D,0.8782803318705246,0.782976671288203,5,0.0,0.576871925690469,0.0,0.0,0.0,1.0,1,1,0,5
m04_p01_s33,m04_p01,3,erode_restore_r1,erode_restore,D,0.8782858494710872,0.7829854415734671,5,0.0,0.5769184768993955,0.0,0.0,0.0,1.0,1,1,0,5
m04_p01_s33,m04_p01,3,erode_restore_r2,erode_restore,D,0.8782858494710872,0.7829854415734671,5,0.0,0.5769184768993955,0.0,0.0,0.0,1.0,1,1,0,5
m04_p01_s33,m04_p01,3,neck_cut_w2,neck_cut,D,0.8782858494710872,0.7829854415734671,5,0.0,0.5769184768993955,0.0,0.0,0.0,1.0,1,1,0,5
m04_p01_s33,m04_p01,3,neck_cut_w3,neck_cut,D,0.8792951663044375,0.7845912142673033,6,0.0,0.5769184768993955,0.0,0.0,0.0,1.0,1,1,0,6
m04_p01_s34,m04_p01,2,current,identity,C,0.7827093968614105,0.6429930493534733,6,0.0,0.3980539524934824,0.0,0.0,0.0,1.0,0,1,0,6
m04_p01_s34,m04_p01,2,opening_k3,opening,C,0.7829818422545867,0.6433608547838756,5,0.0,0.39815203535037635,0.0,0.0,0.0,1.0,0,1,0,5
m04_p01_s34,m04_p01,2,opening_k5,opening,C,0.7837357954545454,0.6443795620437957,6,0.0,0.3994508351399843,0.0,0.0,0.0,1.0,0,1,0,6
m04_p01_s34,m04_p01,2,erode_restore_r1,erode_restore,C,0.7827186462309301,0.643005533443355,5,0.0,0.3980539524934824,0.0,0.0,0.0,1.0,0,1,0,5
m04_p01_s34,m04_p01,2,erode_restore_r2,erode_restore,C,0.7827186462309301,0.643005533443355,5,0.0,0.3980539524934824,0.0,0.0,0.0,1.0,0,1,0,5
m04_p01_s34,m04_p01,2,neck_cut_w2,neck_cut,C,0.7827093968614105,0.6429930493534733,6,0.0,0.3980539524934824,0.0,0.0,0.0,1.0,0,1,0,6
m04_p01_s34,m04_p01,2,neck_cut_w3,neck_cut,C,0.7827093968614105,0.6429930493534733,6,0.0,0.3980539524934824,0.0,0.0,0.0,1.0,0,1,0,6
m04_p01_s35,m04_p01,3,current,identity,B,0.876792703263792,0.7806152130702477,3,1.0,0.2789491421113752,0.0,0.0,0.0,0.0,1,0,3,3
m04_p01_s35,m04_p01,3,opening_k3,opening,B,0.8768260970197007,0.7806681536074477,3,1.0,0.2789255888274422,0.0,0.0,0.0,0.0,1,0,3,3
m04_p01_s35,m04_p01,3,opening_k5,opening,B,0.8767865776016451,0.7806055021399906,3,1.0,0.2665257469427085,0.0,0.0,0.0,0.0,1,0,3,3
m04_p01_s35,m04_p01,3,erode_restore_r1,erode_restore,B,0.876792703263792,0.7806152130702477,3,1.0,0.2789491421113752,0.0,0.0,0.0,0.0,1,0,3,3
m04_p01_s35,m04_p01,3,erode_restore_r2,erode_restore,B,0.876792703263792,0.7806152130702477,3,1.0,0.2789491421113752,0.0,0.0,0.0,0.0,1,0,3,3
m04_p01_s35,m04_p01,3,neck_cut_w2,neck_cut,B,0.876792703263792,0.7806152130702477,3,1.0,0.2789491421113752,0.0,0.0,0.0,0.0,1,0,3,3
m04_p01_s35,m04_p01,3,neck_cut_w3,neck_cut,B,0.876792703263792,0.7806152130702477,3,1.0,0.2789491421113752,0.0,0.0,0.0,0.0,1,0,3,3
m04_p01_s36,m04_p01,3,current,identity,D,0.8226421747772007,0.6987189086899106,3,1.0,0.3486223606645769,0.0,0.0,0.0,0.0,1,1,3,3
m04_p01_s36,m04_p01,3,opening_k3,opening,D,0.8225854288073232,0.6986370382473482,3,1.0,0.35119614488130274,0.0,0.0,0.0,0.0,1,1,3,3
m04_p01_s36,m04_p01,3,opening_k5,opening,D,0.8225352564359532,0.6985646584595272,3,1.0,0.35123889958452265,0.0,0.0,0.0,0.0,1,1,3,3
m04_p01_s36,m04_p01,3,erode_restore_r1,erode_restore,D,0.8226685474305132,0.6987569606121254,3,1.0,0.3512431816029257,0.0,0.0,0.0,0.0,1,1,3,3
m04_p01_s36,m04_p01,3,erode_restore_r2,erode_restore,D,0.8226685474305132,0.6987569606121254,3,1.0,0.3512431816029257,0.0,0.0,0.0,0.0,1,1,3,3
m04_p01_s36,m04_p01,3,neck_cut_w2,neck_cut,D,0.8226421747772007,0.6987189086899106,3,1.0,0.3486223606645769,0.0,0.0,0.0,0.0,1,1,3,3
m04_p01_s36,m04_p01,3,neck_cut_w3,neck_cut,D,0.8226421747772007,0.6987189086899106,3,1.0,0.3486223606645769,0.0,0.0,0.0,0.0,1,1,3,3
m04_p01_s37,m04_p01,2,current,identity,D,0.9044495254218042,0.8255662759582407,2,1.0,0.2686952448347005,0.0,0.0,0.0,0.0,1,1,2,2
m04_p01_s37,m04_p01,2,opening_k3,opening,D,0.9043764647580503,0.8254445397235232,2,1.0,0.26867330562118086,0.0,0.0,0.0,0.0,1,1,2,2
m04_p01_s37,m04_p01,2,opening_k5,opening,D,0.9045512042749826,0.8257357238466905,2,1.0,0.268702023726448,0.0,0.0,0.0,0.0,1,1,2,2
m04_p01_s37,m04_p01,2,erode_restore_r1,erode_restore,D,0.9044541935483871,0.8255740547059766,2,1.0,0.2686952448347005,0.0,0.0,0.0,0.0,1,1,2,2
m04_p01_s37,m04_p01,2,erode_restore_r2,erode_restore,D,0.9044541935483871,0.8255740547059766,2,1.0,0.2686952448347005,0.0,0.0,0.0,0.0,1,1,2,2
m04_p01_s37,m04_p01,2,neck_cut_w2,neck_cut,D,0.9044495254218042,0.8255662759582407,2,1.0,0.2686952448347005,0.0,0.0,0.0,0.0,1,1,2,2
m04_p01_s37,m04_p01,2,neck_cut_w3,neck_cut,D,0.9044495254218042,0.8255662759582407,2,1.0,0.2686952448347005,0.0,0.0,0.0,0.0,1,1,2,2
m04_p01_s38,m04_p01,3,current,identity,D,0.8862872849435,0.7957952468007312,3,1.0,0.34854947665656405,0.0,0.0,0.0,0.0,1,1,3,3
m04_p01_s38,m04_p01,3,opening_k3,opening,D,0.8863580166106675,0.7959093046340316,3,1.0,0.34384927397196535,0.0,0.0,0.0,0.0,1,1,3,3
m04_p01_s38,m04_p01,3,opening_k5,opening,D,0.8865932882781298,0.7962887945115975,3,1.0,0.4412780282797835,0.0,0.0,0.0,0.0,1,1,3,3
m04_p01_s38,m04_p01,3,erode_restore_r1,erode_restore,D,0.8862872849435,0.7957952468007312,3,1.0,0.34854947665656405,0.0,0.0,0.0,0.0,1,1,3,3
m04_p01_s38,m04_p01,3,erode_restore_r2,erode_restore,D,0.8862872849435,0.7957952468007312,3,1.0,0.34854947665656405,0.0,0.0,0.0,0.0,1,1,3,3
m04_p01_s38,m04_p01,3,neck_cut_w2,neck_cut,D,0.8862872849435,0.7957952468007312,3,1.0,0.34854947665656405,0.0,0.0,0.0,0.0,1,1,3,3
m04_p01_s38,m04_p01,3,neck_cut_w3,neck_cut,D,0.8862872849435,0.7957952468007312,3,1.0,0.34854947665656405,0.0,0.0,0.0,0.0,1,1,3,3
m04_p01_s39,m04_p01,3,current,identity,D,0.9029511591785078,0.8230728893550079,4,0.0,0.5274015729786615,0.0,0.0,0.0,1.0,1,1,0,4
m04_p01_s39,m04_p01,3,opening_k3,opening,D,0.9031213264609896,0.8233557167695905,4,0.0,0.5274348110960378,0.0,0.0,0.0,1.0,1,1,0,4
m04_p01_s39,m04_p01,3,opening_k5,opening,D,0.9033897468791632,0.8238020247469067,3,1.0,0.5275584837253969,0.0,0.0,0.0,0.0,1,1,3,3
m04_p01_s39,m04_p01,3,erode_restore_r1,erode_restore,D,0.9029511591785078,0.8230728893550079,4,0.0,0.5274015729786615,0.0,0.0,0.0,1.0,1,1,0,4
m04_p01_s39,m04_p01,3,erode_restore_r2,erode_restore,D,0.9030327936220925,0.8232085593550514,3,1.0,0.5274015729786615,0.0,0.0,0.0,0.0,1,1,3,3
m04_p01_s39,m04_p01,3,neck_cut_w2,neck_cut,D,0.9029511591785078,0.8230728893550079,4,0.0,0.5274015729786615,0.0,0.0,0.0,1.0,1,1,0,4
m04_p01_s39,m04_p01,3,neck_cut_w3,neck_cut,C,0.8905974115025285,0.8027720691626621,5,0.0,0.7600348752355092,1.0,0.0,0.0,1.0,0,1,0,5
m04_p01_s40,m04_p01,3,current,identity,C,0.8076457699728572,0.6773538849729849,4,0.0,0.5827790890889039,0.0,0.0,0.0,1.0,0,1,0,4
m04_p01_s40,m04_p01,3,opening_k3,opening,C,0.8079377024506756,0.6777646639036039,5,0.0,0.5928894162317114,0.0,0.0,0.0,1.0,0,1,0,5
m04_p01_s40,m04_p01,3,opening_k5,opening,C,0.8088599092383558,0.6790636261106373,5,0.0,0.5935935384072843,0.0,0.0,0.0,1.0,0,1,0,5
m04_p01_s40,m04_p01,3,erode_restore_r1,erode_restore,C,0.8076457699728572,0.6773538849729849,4,0.0,0.5827790890889039,0.0,0.0,0.0,1.0,0,1,0,4
m04_p01_s40,m04_p01,3,erode_restore_r2,erode_restore,C,0.8076457699728572,0.6773538849729849,4,0.0,0.5827790890889039,0.0,0.0,0.0,1.0,0,1,0,4
m04_p01_s40,m04_p01,3,neck_cut_w2,neck_cut,C,0.8076457699728572,0.6773538849729849,4,0.0,0.5827790890889039,0.0,0.0,0.0,1.0,0,1,0,4
m04_p01_s40,m04_p01,3,neck_cut_w3,neck_cut,C,0.8076457699728572,0.6773538849729849,4,0.0,0.5827790890889039,0.0,0.0,0.0,1.0,0,1,0,4
m04_p01_s41,m04_p01,1,current,identity,C,0.8947005959054974,0.8094644696189496,2,0.0,0.6104079377755413,1.0,0.0,0.0,1.0,0,1,0,2
m04_p01_s41,m04_p01,1,opening_k3,opening,C,0.8947194644320976,0.8094953594495204,2,0.0,0.6103452802940791,1.0,0.0,0.0,1.0,0,1,0,2
m04_p01_s41,m04_p01,1,opening_k5,opening,C,0.8947614113789295,0.809564034943135,2,0.0,0.6104315287321108,1.0,0.0,0.0,1.0,0,1,0,2
m04_p01_s41,m04_p01,1,erode_restore_r1,erode_restore,C,0.8947005959054974,0.8094644696189496,2,0.0,0.6104079377755413,1.0,0.0,0.0,1.0,0,1,0,2
m04_p01_s41,m04_p01,1,erode_restore_r2,erode_restore,C,0.8947005959054974,0.8094644696189496,2,0.0,0.6104079377755413,1.0,0.0,0.0,1.0,0,1,0,2
m04_p01_s41,m04_p01,1,neck_cut_w2,neck_cut,C,0.8947005959054974,0.8094644696189496,2,0.0,0.6104079377755413,1.0,0.0,0.0,1.0,0,1,0,2
m04_p01_s41,m04_p01,1,neck_cut_w3,neck_cut,C,0.8947005959054974,0.8094644696189496,2,0.0,0.6104079377755413,1.0,0.0,0.0,1.0,0,1,0,2
m05_p01_s00,m05_p01,2,current,identity,C,0.8876754823291075,0.7980364257256688,5,0.0,0.7592693044387491,1.0,0.0,0.0,1.0,0,1,0,5
m05_p01_s00,m05_p01,2,opening_k3,opening,C,0.8877034129044513,0.7980815757265249,4,0.0,0.7592238354406022,1.0,0.0,0.0,1.0,0,1,0,4
m05_p01_s00,m05_p01,2,opening_k5,opening,C,0.8877557484005828,0.7981661825844296,4,0.0,0.7590948906772033,1.0,0.0,0.0,1.0,0,1,0,4
m05_p01_s00,m05_p01,2,erode_restore_r1,erode_restore,C,0.8877316829959322,0.798127276867031,4,0.0,0.7592693044387491,1.0,0.0,0.0,1.0,0,1,0,4
m05_p01_s00,m05_p01,2,erode_restore_r2,erode_restore,C,0.8877316829959322,0.798127276867031,4,0.0,0.7592693044387491,1.0,0.0,0.0,1.0,0,1,0,4
m05_p01_s00,m05_p01,2,neck_cut_w2,neck_cut,C,0.8876754823291075,0.7980364257256688,5,0.0,0.7592693044387491,1.0,0.0,0.0,1.0,0,1,0,5
m05_p01_s00,m05_p01,2,neck_cut_w3,neck_cut,C,0.8876754823291075,0.7980364257256688,5,0.0,0.7592693044387491,1.0,0.0,0.0,1.0,0,1,0,5
m05_p01_s02,m05_p01,2,current,identity,D,0.8952326028450596,0.8103358273882025,2,1.0,0.29642208915714113,0.0,0.0,0.0,0.0,1,1,2,2
m05_p01_s02,m05_p01,2,opening_k3,opening,D,0.8951608251783209,0.8102182159885846,2,1.0,0.29642208915714113,0.0,0.0,0.0,0.0,1,1,2,2
m05_p01_s02,m05_p01,2,opening_k5,opening,D,0.8950247560448013,0.8099953016513826,2,1.0,0.2963693580857591,0.0,0.0,0.0,0.0,1,1,2,2
m05_p01_s02,m05_p01,2,erode_restore_r1,erode_restore,D,0.8952326028450596,0.8103358273882025,2,1.0,0.29642208915714113,0.0,0.0,0.0,0.0,1,1,2,2
m05_p01_s02,m05_p01,2,erode_restore_r2,erode_restore,D,0.8952326028450596,0.8103358273882025,2,1.0,0.29642208915714113,0.0,0.0,0.0,0.0,1,1,2,2
m05_p01_s02,m05_p01,2,neck_cut_w2,neck_cut,D,0.8952326028450596,0.8103358273882025,2,1.0,0.29642208915714113,0.0,0.0,0.0,0.0,1,1,2,2
m05_p01_s02,m05_p01,2,neck_cut_w3,neck_cut,D,0.8952326028450596,0.8103358273882025,2,1.0,0.29642208915714113,0.0,0.0,0.0,0.0,1,1,2,2
m05_p01_s03,m05_p01,3,current,identity,C,0.907999494502717,0.8315009836824442,4,0.0,0.7687529176967853,1.0,1.0,0.0,1.0,0,1,0,4
m05_p01_s03,m05_p01,3,opening_k3,opening,C,0.9080656713902504,0.8316119821476804,4,0.0,0.76843376965531,1.0,1.0,0.0,1.0,0,1,0,4
m05_p01_s03,m05_p01,3,opening_k5,opening,C,0.9081878534546348,0.8318169534276192,4,0.0,0.7677231058120396,1.0,1.0,0.0,1.0,0,1,0,4
m05_p01_s03,m05_p01,3,erode_restore_r1,erode_restore,C,0.9079918277365499,0.8314881250884029,4,0.0,0.7686703072052529,1.0,1.0,0.0,1.0,0,1,0,4
m05_p01_s03,m05_p01,3,erode_restore_r2,erode_restore,C,0.9079918277365499,0.8314881250884029,4,0.0,0.7686703072052529,1.0,1.0,0.0,1.0,0,1,0,4
m05_p01_s03,m05_p01,3,neck_cut_w2,neck_cut,C,0.907999494502717,0.8315009836824442,4,0.0,0.7687529176967853,1.0,1.0,0.0,1.0,0,1,0,4
m05_p01_s03,m05_p01,3,neck_cut_w3,neck_cut,C,0.907999494502717,0.8315009836824442,4,0.0,0.7687529176967853,1.0,1.0,0.0,1.0,0,1,0,4
m05_p01_s05,m05_p01,2,current,identity,D,0.9019906762996841,0.8214781576352698,3,0.0,0.4290529480678532,0.0,0.0,0.0,1.0,1,1,0,3
m05_p01_s05,m05_p01,2,opening_k3,opening,D,0.902195652894571,0.8218182550227483,4,0.0,0.4290896054145818,0.0,0.0,0.0,1.0,1,1,0,4
m05_p01_s05,m05_p01,2,opening_k5,opening,D,0.9025118294786185,0.8223431046640476,5,0.0,0.4290199430480847,0.0,0.0,0.0,1.0,1,1,0,5
m05_p01_s05,m05_p01,2,erode_restore_r1,erode_restore,D,0.9019906762996841,0.8214781576352698,3,0.0,0.4290529480678532,0.0,0.0,0.0,1.0,1,1,0,3
m05_p01_s05,m05_p01,2,erode_restore_r2,erode_restore,D,0.9019906762996841,0.8214781576352698,3,0.0,0.4290529480678532,0.0,0.0,0.0,1.0,1,1,0,3
m05_p01_s05,m05_p01,2,neck_cut_w2,neck_cut,D,0.9019906762996841,0.8214781576352698,3,0.0,0.4290529480678532,0.0,0.0,0.0,1.0,1,1,0,3
m05_p01_s05,m05_p01,2,neck_cut_w3,neck_cut,D,0.9019906762996841,0.8214781576352698,3,0.0,0.4290529480678532,0.0,0.0,0.0,1.0,1,1,0,3
m05_p01_s06,m05_p01,2,current,identity,D,0.9153052203763447,0.843836660386545,5,0.0,0.3690826628289832,0.0,0.0,0.0,1.0,1,1,0,5
m05_p01_s06,m05_p01,2,opening_k3,opening,D,0.9156845176557079,0.8444816407822531,2,1.0,0.36909019539427773,0.0,0.0,0.0,0.0,1,1,2,2
m05_p01_s06,m05_p01,2,opening_k5,opening,D,0.9158451108813053,0.8447548593594336,3,0.0,0.3691517438436539,0.0,0.0,0.0,1.0,1,1,0,3
m05_p01_s06,m05_p01,2,erode_restore_r1,erode_restore,D,0.9155469808677278,0.8442477126397832,2,1.0,0.3690826628289832,0.0,0.0,0.0,0.0,1,1,2,2
m05_p01_s06,m05_p01,2,erode_restore_r2,erode_restore,D,0.9155469808677278,0.8442477126397832,2,1.0,0.3690826628289832,0.0,0.0,0.0,0.0,1,1,2,2
m05_p01_s06,m05_p01,2,neck_cut_w2,neck_cut,D,0.9153052203763447,0.843836660386545,5,0.0,0.3690826628289832,0.0,0.0,0.0,1.0,1,1,0,5
m05_p01_s06,m05_p01,2,neck_cut_w3,neck_cut,D,0.9153052203763447,0.843836660386545,5,0.0,0.3690826628289832,0.0,0.0,0.0,1.0,1,1,0,5
m05_p01_s07,m05_p01,1,current,identity,A,0.9183502503458084,0.8490273775216138,1,1.0,0.8490273775216138,1.0,1.0,0.0,0.0,0,0,1,1
m05_p01_s07,m05_p01,1,opening_k3,opening,A,0.9184512558701455,0.8492000576535025,1,1.0,0.8492000576535025,1.0,1.0,0.0,0.0,0,0,1,1
m05_p01_s07,m05_p01,1,opening_k5,opening,A,0.9184301804435091,0.849164024214471,1,1.0,0.849164024214471,1.0,1.0,0.0,0.0,0,0,1,1
m05_p01_s07,m05_p01,1,erode_restore_r1,erode_restore,A,0.9183502503458084,0.8490273775216138,1,1.0,0.8490273775216138,1.0,1.0,0.0,0.0,0,0,1,1
m05_p01_s07,m05_p01,1,erode_restore_r2,erode_restore,A,0.9183502503458084,0.8490273775216138,1,1.0,0.8490273775216138,1.0,1.0,0.0,0.0,0,0,1,1
m05_p01_s07,m05_p01,1,neck_cut_w2,neck_cut,A,0.9183502503458084,0.8490273775216138,1,1.0,0.8490273775216138,1.0,1.0,0.0,0.0,0,0,1,1
m05_p01_s07,m05_p01,1,neck_cut_w3,neck_cut,A,0.9183502503458084,0.8490273775216138,1,1.0,0.8490273775216138,1.0,1.0,0.0,0.0,0,0,1,1
m05_p01_s08,m05_p01,1,current,identity,C,0.8650251173515606,0.7621535335945436,1,1.0,0.7621535335945436,1.0,1.0,0.0,0.0,0,1,1,1
m05_p01_s08,m05_p01,1,opening_k3,opening,C,0.8648848989004654,0.7619358583659847,1,1.0,0.7619358583659847,1.0,1.0,0.0,0.0,0,1,1,1
m05_p01_s08,m05_p01,1,opening_k5,opening,C,0.8645753949455212,0.7614555745020498,1,1.0,0.7614555745020498,1.0,1.0,0.0,0.0,0,1,1,1
m05_p01_s08,m05_p01,1,erode_restore_r1,erode_restore,C,0.8650251173515606,0.7621535335945436,1,1.0,0.7621535335945436,1.0,1.0,0.0,0.0,0,1,1,1
m05_p01_s08,m05_p01,1,erode_restore_r2,erode_restore,C,0.8650251173515606,0.7621535335945436,1,1.0,0.7621535335945436,1.0,1.0,0.0,0.0,0,1,1,1
m05_p01_s08,m05_p01,1,neck_cut_w2,neck_cut,C,0.8650251173515606,0.7621535335945436,1,1.0,0.7621535335945436,1.0,1.0,0.0,0.0,0,1,1,1
m05_p01_s08,m05_p01,1,neck_cut_w3,neck_cut,C,0.8650251173515606,0.7621535335945436,1,1.0,0.7621535335945436,1.0,1.0,0.0,0.0,0,1,1,1
m05_p01_s09,m05_p01,3,current,identity,D,0.8838950198285977,0.7919461300968806,3,1.0,0.17701483261498271,0.0,0.0,0.0,0.0,1,1,3,3
m05_p01_s09,m05_p01,3,opening_k3,opening,D,0.8837976376197905,0.7917897931475122,3,1.0,0.4436936339417843,0.0,0.0,0.0,0.0,1,1,3,3
m05_p01_s09,m05_p01,3,opening_k5,opening,C,0.8841398169064321,0.792339246710351,3,1.0,0.7716319832698372,1.0,0.0,0.0,0.0,0,1,3,3
m05_p01_s09,m05_p01,3,erode_restore_r1,erode_restore,D,0.8838383838383839,0.7918552036199095,2,0.0,0.0,0.0,0.0,1.0,0.0,1,1,3,2
m05_p01_s09,m05_p01,3,erode_restore_r2,erode_restore,D,0.8838383838383839,0.7918552036199095,2,0.0,0.0,0.0,0.0,1.0,0.0,1,1,3,2
m05_p01_s09,m05_p01,3,neck_cut_w2,neck_cut,C,0.87258651461419,0.7739720394736842,5,0.0,0.7440805862832923,1.0,0.0,0.0,1.0,0,1,0,5
m05_p01_s09,m05_p01,3,neck_cut_w3,neck_cut,C,0.8555059865767558,0.7474971267153163,5,0.0,0.7037686377309372,1.0,0.0,0.0,1.0,0,1,0,5
m05_p01_s10,m05_p01,2,current,identity,D,0.8907645424569567,0.8030436968089716,4,0.0,0.7900817262542013,1.0,1.0,0.0,1.0,1,1,0,4
m05_p01_s10,m05_p01,2,opening_k3,opening,D,0.8909811313496566,0.8033958271908982,4,0.0,0.790583618323372,1.0,1.0,0.0,1.0,1,1,0,4
m05_p01_s10,m05_p01,2,opening_k5,opening,D,0.8911018743024285,0.803592190889371,2,1.0,0.7905567950637278,1.0,1.0,0.0,0.0,1,1,2,2
m05_p01_s10,m05_p01,2,erode_restore_r1,erode_restore,D,0.8908416174745707,0.8031689896678456,2,1.0,0.7900817262542013,1.0,1.0,0.0,0.0,1,1,2,2
m05_p01_s10,m05_p01,2,erode_restore_r2,erode_restore,D,0.8908416174745707,0.8031689896678456,2,1.0,0.7900817262542013,1.0,1.0,0.0,0.0,1,1,2,2
m05_p01_s10,m05_p01,2,neck_cut_w2,neck_cut,D,0.8907645424569567,0.8030436968089716,4,0.0,0.7900817262542013,1.0,1.0,0.0,1.0,1,1,0,4
m05_p01_s10,m05_p01,2,neck_cut_w3,neck_cut,D,0.8907645424569567,0.8030436968089716,4,0.0,0.7900817262542013,1.0,1.0,0.0,1.0,1,1,0,4
m05_p01_s11,m05_p01,1,current,identity,C,0.8695069504513834,0.7691395809983619,5,0.0,0.5771894187710632,1.0,0.0,0.0,1.0,0,1,0,5
m05_p01_s11,m05_p01,1,opening_k3,opening,C,0.8697655145517477,0.7695443076193146,5,0.0,0.5773795778875906,1.0,0.0,0.0,1.0,0,1,0,5
m05_p01_s11,m05_p01,1,opening_k5,opening,C,0.8708449260506663,0.7712358967708468,5,0.0,0.5778003743846918,1.0,0.0,0.0,1.0,0,1,0,5
m05_p01_s11,m05_p01,1,erode_restore_r1,erode_restore,C,0.8695175438596491,0.7691561590688651,5,0.0,0.5772027423189677,1.0,0.0,0.0,1.0,0,1,0,5
m05_p01_s11,m05_p01,1,erode_restore_r2,erode_restore,C,0.8695175438596491,0.7691561590688651,5,0.0,0.5772027423189677,1.0,0.0,0.0,1.0,0,1,0,5
m05_p01_s11,m05_p01,1,neck_cut_w2,neck_cut,C,0.8695069504513834,0.7691395809983619,5,0.0,0.5771894187710632,1.0,0.0,0.0,1.0,0,1,0,5
m05_p01_s11,m05_p01,1,neck_cut_w3,neck_cut,C,0.8695069504513834,0.7691395809983619,5,0.0,0.5771894187710632,1.0,0.0,0.0,1.0,0,1,0,5
m05_p01_s12,m05_p01,3,current,identity,C,0.9029763070295672,0.8231146809460063,5,0.0,0.8151649481588822,1.0,1.0,0.0,1.0,0,1,0,5
m05_p01_s12,m05_p01,3,opening_k3,opening,C,0.9029157112197351,0.8230139839333531,4,0.0,0.8150757459941834,1.0,1.0,0.0,1.0,0,1,0,4
m05_p01_s12,m05_p01,3,opening_k5,opening,C,0.9029935426990049,0.8231433248995387,4,0.0,0.8151491863237537,1.0,1.0,0.0,1.0,0,1,0,4
m05_p01_s12,m05_p01,3,erode_restore_r1,erode_restore,C,0.9029478717067957,0.8230674262595011,4,0.0,0.8151766125089326,1.0,1.0,0.0,1.0,0,1,0,4
m05_p01_s12,m05_p01,3,erode_restore_r2,erode_restore,C,0.9029478717067957,0.8230674262595011,4,0.0,0.8151766125089326,1.0,1.0,0.0,1.0,0,1,0,4
m05_p01_s12,m05_p01,3,neck_cut_w2,neck_cut,C,0.9029763070295672,0.8231146809460063,5,0.0,0.8151649481588822,1.0,1.0,0.0,1.0,0,1,0,5
m05_p01_s12,m05_p01,3,neck_cut_w3,neck_cut,C,0.9029763070295672,0.8231146809460063,5,0.0,0.8151649481588822,1.0,1.0,0.0,1.0,0,1,0,5
m05_p01_s15,m05_p01,2,current,identity,C,0.9248016733413259,0.860121942539916,3,0.0,0.8123628642921277,1.0,1.0,0.0,1.0,0,1,0,3
m05_p01_s15,m05_p01,2,opening_k3,opening,C,0.9249020933525532,0.860295688079926,3,0.0,0.812413942988601,1.0,1.0,0.0,1.0,0,1,0,3
m05_p01_s15,m05_p01,2,opening_k5,opening,C,0.9252603634878497,0.8609158274748242,2,1.0,0.8124152088333008,1.0,1.0,0.0,0.0,0,1,2,2
m05_p01_s15,m05_p01,2,erode_restore_r1,erode_restore,C,0.9248016733413259,0.860121942539916,3,0.0,0.8123628642921277,1.0,1.0,0.0,1.0,0,1,0,3
m05_p01_s15,m05_p01,2,erode_restore_r2,erode_restore,C,0.925261908711575,0.8609185030395137,2,1.0,0.8123628642921277,1.0,1.0,0.0,0.0,0,1,2,2
m05_p01_s15,m05_p01,2,neck_cut_w2,neck_cut,C,0.9248016733413259,0.860121942539916,3,0.0,0.8123628642921277,1.0,1.0,0.0,1.0,0,1,0,3
m05_p01_s15,m05_p01,2,neck_cut_w3,neck_cut,C,0.9248016733413259,0.860121942539916,3,0.0,0.8123628642921277,1.0,1.0,0.0,1.0,0,1,0,3
m05_p01_s16,m05_p01,1,current,identity,A,0.8617859284222714,0.7571387052241517,1,1.0,0.7571387052241517,1.0,1.0,0.0,0.0,0,0,1,1
m05_p01_s16,m05_p01,1,opening_k3,opening,A,0.8617509614986973,0.7570847260572591,1,1.0,0.7570847260572591,1.0,1.0,0.0,0.0,0,0,1,1
m05_p01_s16,m05_p01,1,opening_k5,opening,A,0.8618457784486858,0.7572311046511628,1,1.0,0.7572311046511628,1.0,1.0,0.0,0.0,0,0,1,1
m05_p01_s16,m05_p01,1,erode_restore_r1,erode_restore,A,0.8617859284222714,0.7571387052241517,1,1.0,0.7571387052241517,1.0,1.0,0.0,0.0,0,0,1,1
m05_p01_s16,m05_p01,1,erode_restore_r2,erode_restore,A,0.8617859284222714,0.7571387052241517,1,1.0,0.7571387052241517,1.0,1.0,0.0,0.0,0,0,1,1
m05_p01_s16,m05_p01,1,neck_cut_w2,neck_cut,A,0.8617859284222714,0.7571387052241517,1,1.0,0.7571387052241517,1.0,1.0,0.0,0.0,0,0,1,1
m05_p01_s16,m05_p01,1,neck_cut_w3,neck_cut,A,0.8617859284222714,0.7571387052241517,1,1.0,0.7571387052241517,1.0,1.0,0.0,0.0,0,0,1,1
m05_p01_s17,m05_p01,1,current,identity,A,0.9114612462152624,0.8373254907518957,1,1.0,0.8373254907518957,1.0,1.0,0.0,0.0,0,0,1,1
m05_p01_s17,m05_p01,1,opening_k3,opening,C,0.9115774854365186,0.8375217098500691,2,0.0,0.5294204996844489,1.0,0.0,0.0,1.0,0,1,0,2
m05_p01_s17,m05_p01,1,opening_k5,opening,C,0.9118311109395805,0.8379499911331797,2,0.0,0.5295406439154815,1.0,0.0,0.0,1.0,0,1,0,2
m05_p01_s17,m05_p01,1,erode_restore_r1,erode_restore,A,0.9114612462152624,0.8373254907518957,1,1.0,0.8373254907518957,1.0,1.0,0.0,0.0,0,0,1,1
m05_p01_s17,m05_p01,1,erode_restore_r2,erode_restore,A,0.9114612462152624,0.8373254907518957,1,1.0,0.8373254907518957,1.0,1.0,0.0,0.0,0,0,1,1
m05_p01_s17,m05_p01,1,neck_cut_w2,neck_cut,C,0.9213325587451672,0.8541395832559522,2,0.0,0.5342039562127905,1.0,0.0,0.0,1.0,0,1,0,2
m05_p01_s17,m05_p01,1,neck_cut_w3,neck_cut,C,0.9227870396919674,0.856643090729333,2,0.0,0.5338366452824285,1.0,0.0,0.0,1.0,0,1,0,2
m05_p01_s18,m05_p01,3,current,identity,B,0.9436694398505258,0.8933467187742761,3,1.0,0.35380875769276704,0.0,0.0,0.0,0.0,1,0,3,3
m05_p01_s18,m05_p01,3,opening_k3,opening,A,0.9436875797022765,0.8933792328564086,3,1.0,0.8897520159464211,1.0,1.0,0.0,0.0,0,0,3,3
m05_p01_s18,m05_p01,3,opening_k5,opening,A,0.9438730086567786,0.8937116619435377,3,1.0,0.8901436216998001,1.0,1.0,0.0,0.0,0,0,3,3
m05_p01_s18,m05_p01,3,erode_restore_r1,erode_restore,B,0.9436694398505258,0.8933467187742761,3,1.0,0.35380875769276704,0.0,0.0,0.0,0.0,1,0,3,3
m05_p01_s18,m05_p01,3,erode_restore_r2,erode_restore,B,0.9436694398505258,0.8933467187742761,3,1.0,0.35380875769276704,0.0,0.0,0.0,0.0,1,0,3,3
m05_p01_s18,m05_p01,3,neck_cut_w2,neck_cut,C,0.9409700043228875,0.8885206350753634,3,1.0,0.8831598142667408,1.0,1.0,0.0,0.0,0,1,3,3
m05_p01_s18,m05_p01,3,neck_cut_w3,neck_cut,C,0.9366989326727626,0.880934818420988,3,1.0,0.8742143113068389,1.0,1.0,0.0,0.0,0,1,3,3
m05_p01_s19,m05_p01,2,current,identity,C,0.931138384654957,0.8711496149614961,3,0.0,0.8499769378062052,1.0,1.0,0.0,1.0,0,1,0,3
m05_p01_s19,m05_p01,2,opening_k3,opening,C,0.9310764836826411,0.871041257367387,3,0.0,0.8500003435207785,1.0,1.0,0.0,1.0,0,1,0,3
m05_p01_s19,m05_p01,2,opening_k5,opening,C,0.93098088636841,0.870873939012889,3,0.0,0.849954454940338,1.0,1.0,0.0,1.0,0,1,0,3
m05_p01_s19,m05_p01,2,erode_restore_r1,erode_restore,C,0.931138384654957,0.8711496149614961,3,0.0,0.8499769378062052,1.0,1.0,0.0,1.0,0,1,0,3
m05_p01_s19,m05_p01,2,erode_restore_r2,erode_restore,C,0.931138384654957,0.8711496149614961,3,0.0,0.8499769378062052,1.0,1.0,0.0,1.0,0,1,0,3
m05_p01_s19,m05_p01,2,neck_cut_w2,neck_cut,C,0.931138384654957,0.8711496149614961,3,0.0,0.8499769378062052,1.0,1.0,0.0,1.0,0,1,0,3
m05_p01_s19,m05_p01,2,neck_cut_w3,neck_cut,C,0.931138384654957,0.8711496149614961,3,0.0,0.8499769378062052,1.0,1.0,0.0,1.0,0,1,0,3
m05_p01_s20,m05_p01,2,current,identity,C,0.8777180509797121,0.7820833719600754,4,0.0,0.7580483128223359,1.0,0.0,0.0,1.0,0,1,0,4
m05_p01_s20,m05_p01,2,opening_k3,opening,C,0.8779628971127744,0.7824722505642643,4,0.0,0.7582854933857811,1.0,0.0,0.0,1.0,0,1,0,4
m05_p01_s20,m05_p01,2,opening_k5,opening,C,0.8782468377492062,0.78292343387471,3,0.0,0.7584929950834347,1.0,0.0,0.0,1.0,0,1,0,3
m05_p01_s20,m05_p01,2,erode_restore_r1,erode_restore,C,0.8777332709081136,0.7821075401730532,4,0.0,0.7580483128223359,1.0,0.0,0.0,1.0,0,1,0,4
m05_p01_s20,m05_p01,2,erode_restore_r2,erode_restore,C,0.8778474371981305,0.7822888493934008,3,0.0,0.7580483128223359,1.0,0.0,0.0,1.0,0,1,0,3
m05_p01_s20,m05_p01,2,neck_cut_w2,neck_cut,C,0.8777180509797121,0.7820833719600754,4,0.0,0.7580483128223359,1.0,0.0,0.0,1.0,0,1,0,4
m05_p01_s20,m05_p01,2,neck_cut_w3,neck_cut,C,0.8777180509797121,0.7820833719600754,4,0.0,0.7580483128223359,1.0,0.0,0.0,1.0,0,1,0,4
m05_p01_s21,m05_p01,2,current,identity,C,0.9154674623707463,0.8441124914259583,2,1.0,0.846550544180531,1.0,1.0,0.0,0.0,0,1,2,2
m05_p01_s21,m05_p01,2,opening_k3,opening,C,0.915508675633003,0.8441825721080554,2,1.0,0.8466781185432574,1.0,1.0,0.0,0.0,0,1,2,2
m05_p01_s21,m05_p01,2,opening_k5,opening,C,0.9156357501984652,0.8443986883245634,2,1.0,0.8470424080489318,1.0,1.0,0.0,0.0,0,1,2,2
m05_p01_s21,m05_p01,2,erode_restore_r1,erode_restore,C,0.9154674623707463,0.8441124914259583,2,1.0,0.846550544180531,1.0,1.0,0.0,0.0,0,1,2,2
m05_p01_s21,m05_p01,2,erode_restore_r2,erode_restore,C,0.9154674623707463,0.8441124914259583,2,1.0,0.846550544180531,1.0,1.0,0.0,0.0,0,1,2,2
m05_p01_s21,m05_p01,2,neck_cut_w2,neck_cut,C,0.9154674623707463,0.8441124914259583,2,1.0,0.846550544180531,1.0,1.0,0.0,0.0,0,1,2,2
m05_p01_s21,m05_p01,2,neck_cut_w3,neck_cut,C,0.9154674623707463,0.8441124914259583,2,1.0,0.846550544180531,1.0,1.0,0.0,0.0,0,1,2,2
m05_p01_s22,m05_p01,3,current,identity,C,0.9131848339595933,0.840239318049452,4,0.0,0.8131362234459284,1.0,1.0,0.0,1.0,0,1,0,4
m05_p01_s22,m05_p01,3,opening_k3,opening,C,0.9131020351781932,0.8400991304900393,4,0.0,0.8136204761154954,1.0,1.0,0.0,1.0,0,1,0,4
m05_p01_s22,m05_p01,3,opening_k5,opening,C,0.9130627544234412,0.8400326312666865,4,0.0,0.8138990811304659,1.0,1.0,0.0,1.0,0,1,0,4
m05_p01_s22,m05_p01,3,erode_restore_r1,erode_restore,C,0.9132005984578202,0.8402660115215181,3,1.0,0.8131362234459284,1.0,1.0,0.0,0.0,0,1,3,3
m05_p01_s22,m05_p01,3,erode_restore_r2,erode_restore,C,0.9132005984578202,0.8402660115215181,3,1.0,0.8131362234459284,1.0,1.0,0.0,0.0,0,1,3,3
m05_p01_s22,m05_p01,3,neck_cut_w2,neck_cut,C,0.9131848339595933,0.840239318049452,4,0.0,0.8131362234459284,1.0,1.0,0.0,1.0,0,1,0,4
m05_p01_s22,m05_p01,3,neck_cut_w3,neck_cut,C,0.9131848339595933,0.840239318049452,4,0.0,0.8131362234459284,1.0,1.0,0.0,1.0,0,1,0,4
m05_p01_s23,m05_p01,1,current,identity,A,0.935022099083053,0.8779732408325074,1,1.0,0.8779732408325074,1.0,1.0,0.0,0.0,0,0,1,1
m05_p01_s23,m05_p01,1,opening_k3,opening,A,0.9350289474986392,0.8779853173496887,1,1.0,0.8779853173496887,1.0,1.0,0.0,0.0,0,0,1,1
m05_p01_s23,m05_p01,1,opening_k5,opening,A,0.9349826818406729,0.8779037353651737,1,1.0,0.8779037353651737,1.0,1.0,0.0,0.0,0,0,1,1
m05_p01_s23,m05_p01,1,erode_restore_r1,erode_restore,A,0.935022099083053,0.8779732408325074,1,1.0,0.8779732408325074,1.0,1.0,0.0,0.0,0,0,1,1
m05_p01_s23,m05_p01,1,erode_restore_r2,erode_restore,A,0.935022099083053,0.8779732408325074,1,1.0,0.8779732408325074,1.0,1.0,0.0,0.0,0,0,1,1
m05_p01_s23,m05_p01,1,neck_cut_w2,neck_cut,A,0.935022099083053,0.8779732408325074,1,1.0,0.8779732408325074,1.0,1.0,0.0,0.0,0,0,1,1
m05_p01_s23,m05_p01,1,neck_cut_w3,neck_cut,A,0.935022099083053,0.8779732408325074,1,1.0,0.8779732408325074,1.0,1.0,0.0,0.0,0,0,1,1
m05_p01_s24,m05_p01,3,current,identity,D,0.8868805815502524,0.7967524120506494,4,0.0,0.558460712954815,0.0,0.0,0.0,1.0,1,1,0,4
m05_p01_s24,m05_p01,3,opening_k3,opening,D,0.8868360657086216,0.7966805592503916,4,0.0,0.558652331291878,0.0,0.0,0.0,1.0,1,1,0,4
m05_p01_s24,m05_p01,3,opening_k5,opening,D,0.886307696107082,0.7958281591863284,6,0.0,0.5590952999501092,0.0,0.0,0.0,1.0,1,1,0,6
m05_p01_s24,m05_p01,3,erode_restore_r1,erode_restore,D,0.8868805815502524,0.7967524120506494,4,0.0,0.558460712954815,0.0,0.0,0.0,1.0,1,1,0,4
m05_p01_s24,m05_p01,3,erode_restore_r2,erode_restore,D,0.8868805815502524,0.7967524120506494,4,0.0,0.558460712954815,0.0,0.0,0.0,1.0,1,1,0,4
m05_p01_s24,m05_p01,3,neck_cut_w2,neck_cut,D,0.8868805815502524,0.7967524120506494,4,0.0,0.558460712954815,0.0,0.0,0.0,1.0,1,1,0,4
m05_p01_s24,m05_p01,3,neck_cut_w3,neck_cut,D,0.8868805815502524,0.7967524120506494,4,0.0,0.558460712954815,0.0,0.0,0.0,1.0,1,1,0,4
m05_p01_s25,m05_p01,1,current,identity,C,0.8375368119006268,0.7204845886517912,2,0.0,0.6899947991158497,1.0,0.0,0.0,1.0,0,1,0,2
m05_p01_s25,m05_p01,1,opening_k3,opening,C,0.8373489425981873,0.7202065806996459,2,0.0,0.6899421364020545,1.0,0.0,0.0,1.0,0,1,0,2
m05_p01_s25,m05_p01,1,opening_k5,opening,C,0.8373840953298208,0.7202585926840361,2,0.0,0.6899892707351172,1.0,0.0,0.0,1.0,0,1,0,2
m05_p01_s25,m05_p01,1,erode_restore_r1,erode_restore,C,0.8375368119006268,0.7204845886517912,2,0.0,0.6899947991158497,1.0,0.0,0.0,1.0,0,1,0,2
m05_p01_s25,m05_p01,1,erode_restore_r2,erode_restore,C,0.8375368119006268,0.7204845886517912,2,0.0,0.6899947991158497,1.0,0.0,0.0,1.0,0,1,0,2
m05_p01_s25,m05_p01,1,neck_cut_w2,neck_cut,C,0.8375368119006268,0.7204845886517912,2,0.0,0.6899947991158497,1.0,0.0,0.0,1.0,0,1,0,2
m05_p01_s25,m05_p01,1,neck_cut_w3,neck_cut,C,0.8375368119006268,0.7204845886517912,2,0.0,0.6899947991158497,1.0,0.0,0.0,1.0,0,1,0,2
m05_p01_s26,m05_p01,2,current,identity,D,0.915980314659459,0.8449849454271735,2,1.0,0.14824495892457057,0.0,0.0,0.0,0.0,1,1,2,2
m05_p01_s26,m05_p01,2,opening_k3,opening,D,0.9160322864465782,0.8450734048560136,2,1.0,0.1482001493651979,0.0,0.0,0.0,0.0,1,1,2,2
m05_p01_s26,m05_p01,2,opening_k5,opening,D,0.9160344277972585,0.8450770497588519,2,1.0,0.14824495892457057,0.0,0.0,0.0,0.0,1,1,2,2
m05_p01_s26,m05_p01,2,erode_restore_r1,erode_restore,D,0.915980314659459,0.8449849454271735,2,1.0,0.14824495892457057,0.0,0.0,0.0,0.0,1,1,2,2
m05_p01_s26,m05_p01,2,erode_restore_r2,erode_restore,D,0.915980314659459,0.8449849454271735,2,1.0,0.14824495892457057,0.0,0.0,0.0,0.0,1,1,2,2
m05_p01_s26,m05_p01,2,neck_cut_w2,neck_cut,D,0.915980314659459,0.8449849454271735,2,1.0,0.14824495892457057,0.0,0.0,0.0,0.0,1,1,2,2
m05_p01_s26,m05_p01,2,neck_cut_w3,neck_cut,D,0.915980314659459,0.8449849454271735,2,1.0,0.14824495892457057,0.0,0.0,0.0,0.0,1,1,2,2
m05_p01_s27,m05_p01,2,current,identity,C,0.9146713029108499,0.8427597145122918,6,0.0,0.7961318635071859,1.0,1.0,0.0,1.0,0,1,0,6
m05_p01_s27,m05_p01,2,opening_k3,opening,C,0.9145547827284622,0.8425618982663727,5,0.0,0.7961022301198196,1.0,1.0,0.0,1.0,0,1,0,5
m05_p01_s27,m05_p01,2,opening_k5,opening,C,0.9144343123832158,0.8423574204806853,5,0.0,0.7963310155851214,1.0,1.0,0.0,1.0,0,1,0,5
m05_p01_s27,m05_p01,2,erode_restore_r1,erode_restore,C,0.9146619615268753,0.8427438540840603,5,0.0,0.7961318635071859,1.0,1.0,0.0,1.0,0,1,0,5
m05_p01_s27,m05_p01,2,erode_restore_r2,erode_restore,C,0.9146619615268753,0.8427438540840603,5,0.0,0.7961318635071859,1.0,1.0,0.0,1.0,0,1,0,5
m05_p01_s27,m05_p01,2,neck_cut_w2,neck_cut,C,0.9146713029108499,0.8427597145122918,6,0.0,0.7961318635071859,1.0,1.0,0.0,1.0,0,1,0,6
m05_p01_s27,m05_p01,2,neck_cut_w3,neck_cut,C,0.9146713029108499,0.8427597145122918,6,0.0,0.7961318635071859,1.0,1.0,0.0,1.0,0,1,0,6
m05_p01_s28,m05_p01,2,current,identity,C,0.8702398567089791,0.7702872701580245,5,0.0,0.6628763107298619,1.0,0.0,0.0,1.0,0,1,0,5
m05_p01_s28,m05_p01,2,opening_k3,opening,C,0.8700250270233423,0.769950704953635,6,0.0,0.6627879087785331,1.0,0.0,0.0,1.0,0,1,0,6
m05_p01_s28,m05_p01,2,opening_k5,opening,C,0.8694728429834222,0.7690862068965517,6,0.0,0.6628222868011427,1.0,0.0,0.0,1.0,0,1,0,6
m05_p01_s28,m05_p01,2,erode_restore_r1,erode_restore,C,0.8702398567089791,0.7702872701580245,5,0.0,0.6628763107298619,1.0,0.0,0.0,1.0,0,1,0,5
m05_p01_s28,m05_p01,2,erode_restore_r2,erode_restore,C,0.8702398567089791,0.7702872701580245,5,0.0,0.6628763107298619,1.0,0.0,0.0,1.0,0,1,0,5
m05_p01_s28,m05_p01,2,neck_cut_w2,neck_cut,C,0.8702398567089791,0.7702872701580245,5,0.0,0.6628763107298619,1.0,0.0,0.0,1.0,0,1,0,5
m05_p01_s28,m05_p01,2,neck_cut_w3,neck_cut,C,0.8702398567089791,0.7702872701580245,5,0.0,0.6628763107298619,1.0,0.0,0.0,1.0,0,1,0,5
m05_p01_s29,m05_p01,2,current,identity,E,0.9117765465943293,0.8378578349334977,10,0.0,0.8350197444015773,1.0,1.0,0.0,1.0,0,0,0,10
m05_p01_s29,m05_p01,2,opening_k3,opening,E,0.9122527672799126,0.8386624574522495,6,0.0,0.8353800651806804,1.0,1.0,0.0,1.0,0,0,0,6
m05_p01_s29,m05_p01,2,opening_k5,opening,E,0.9128127369219106,0.8396094839609484,6,0.0,0.8357251164296957,1.0,1.0,0.0,1.0,0,0,0,6
m05_p01_s29,m05_p01,2,erode_restore_r1,erode_restore,E,0.911986347337539,0.8382122274898222,6,0.0,0.835043365192837,1.0,1.0,0.0,1.0,0,0,0,6
m05_p01_s29,m05_p01,2,erode_restore_r2,erode_restore,E,0.911986347337539,0.8382122274898222,6,0.0,0.835043365192837,1.0,1.0,0.0,1.0,0,0,0,6
m05_p01_s29,m05_p01,2,neck_cut_w2,neck_cut,E,0.9117765465943293,0.8378578349334977,10,0.0,0.8350197444015773,1.0,1.0,0.0,1.0,0,0,0,10
m05_p01_s29,m05_p01,2,neck_cut_w3,neck_cut,E,0.9117765465943293,0.8378578349334977,10,0.0,0.8350197444015773,1.0,1.0,0.0,1.0,0,0,0,10
m05_p01_s30,m05_p01,3,current,identity,B,0.933856386101346,0.8759198797678275,2,0.0,0.4056947100187655,0.0,0.0,1.0,0.0,1,0,3,2
m05_p01_s30,m05_p01,3,opening_k3,opening,A,0.9338970288548553,0.8759913949510134,3,1.0,0.879840568344115,1.0,1.0,0.0,0.0,0,0,3,3
m05_p01_s30,m05_p01,3,opening_k5,opening,A,0.9341154361674198,0.87637579890325,3,1.0,0.8804036003868078,1.0,1.0,0.0,0.0,0,0,3,3
m05_p01_s30,m05_p01,3,erode_restore_r1,erode_restore,B,0.933856386101346,0.8759198797678275,2,0.0,0.4056947100187655,0.0,0.0,1.0,0.0,1,0,3,2
m05_p01_s30,m05_p01,3,erode_restore_r2,erode_restore,B,0.933856386101346,0.8759198797678275,2,0.0,0.4056947100187655,0.0,0.0,1.0,0.0,1,0,3,2
m05_p01_s30,m05_p01,3,neck_cut_w2,neck_cut,A,0.9372057621289431,0.8818318059442183,3,1.0,0.8871246756865382,1.0,1.0,0.0,0.0,0,0,3,3
m05_p01_s30,m05_p01,3,neck_cut_w3,neck_cut,C,0.9361957064403394,0.8800450535010325,3,1.0,0.885874536418673,1.0,1.0,0.0,0.0,0,1,3,3
m05_p01_s31,m05_p01,3,current,identity,D,0.911159534185897,0.8368163774154391,7,0.0,0.6484822354990206,0.0,0.0,0.0,1.0,1,1,0,7
m05_p01_s31,m05_p01,3,opening_k3,opening,D,0.9110301211276665,0.8365980903632247,4,0.0,0.6484506871026335,0.0,0.0,0.0,1.0,1,1,0,4
m05_p01_s31,m05_p01,3,opening_k5,opening,D,0.9108245534078622,0.836251456326611,4,0.0,0.6474991984132603,0.0,0.0,0.0,1.0,1,1,0,4
m05_p01_s31,m05_p01,3,erode_restore_r1,erode_restore,D,0.9111240119680257,0.8367564552642803,4,0.0,0.6484822354990206,0.0,0.0,0.0,1.0,1,1,0,4
m05_p01_s31,m05_p01,3,erode_restore_r2,erode_restore,D,0.9111240119680257,0.8367564552642803,4,0.0,0.6484822354990206,0.0,0.0,0.0,1.0,1,1,0,4
m05_p01_s31,m05_p01,3,neck_cut_w2,neck_cut,D,0.911159534185897,0.8368163774154391,7,0.0,0.6484822354990206,0.0,0.0,0.0,1.0,1,1,0,7
m05_p01_s31,m05_p01,3,neck_cut_w3,neck_cut,D,0.911159534185897,0.8368163774154391,7,0.0,0.6484822354990206,0.0,0.0,0.0,1.0,1,1,0,7
m05_p01_s32,m05_p01,1,current,identity,C,0.8774118627918056,0.7815973051112702,1,1.0,0.7815973051112702,1.0,1.0,0.0,0.0,0,1,1,1
m05_p01_s32,m05_p01,1,opening_k3,opening,C,0.8773377010125074,0.781479614843895,1,1.0,0.781479614843895,1.0,1.0,0.0,0.0,0,1,1,1
m05_p01_s32,m05_p01,1,opening_k5,opening,C,0.8774255037155069,0.7816189541269799,1,1.0,0.7816189541269799,1.0,1.0,0.0,0.0,0,1,1,1
m05_p01_s32,m05_p01,1,erode_restore_r1,erode_restore,C,0.8774118627918056,0.7815973051112702,1,1.0,0.7815973051112702,1.0,1.0,0.0,0.0,0,1,1,1
m05_p01_s32,m05_p01,1,erode_restore_r2,erode_restore,C,0.8774118627918056,0.7815973051112702,1,1.0,0.7815973051112702,1.0,1.0,0.0,0.0,0,1,1,1
m05_p01_s32,m05_p01,1,neck_cut_w2,neck_cut,C,0.8774118627918056,0.7815973051112702,1,1.0,0.7815973051112702,1.0,1.0,0.0,0.0,0,1,1,1
m05_p01_s32,m05_p01,1,neck_cut_w3,neck_cut,C,0.8774118627918056,0.7815973051112702,1,1.0,0.7815973051112702,1.0,1.0,0.0,0.0,0,1,1,1
m05_p01_s33,m05_p01,1,current,identity,A,0.8999965834159008,0.8181761709529134,1,1.0,0.8181761709529134,1.0,1.0,0.0,0.0,0,0,1,1
m05_p01_s33,m05_p01,1,opening_k3,opening,A,0.9001008047292796,0.8183484528395676,1,1.0,0.8183484528395676,1.0,1.0,0.0,0.0,0,0,1,1
m05_p01_s33,m05_p01,1,opening_k5,opening,A,0.900179441168931,0.8184784635465224,1,1.0,0.8184784635465224,1.0,1.0,0.0,0.0,0,0,1,1
m05_p01_s33,m05_p01,1,erode_restore_r1,erode_restore,A,0.9000119582486291,0.8182015840969095,1,1.0,0.8182015840969095,1.0,1.0,0.0,0.0,0,0,1,1
m05_p01_s33,m05_p01,1,erode_restore_r2,erode_restore,A,0.9000119582486291,0.8182015840969095,1,1.0,0.8182015840969095,1.0,1.0,0.0,0.0,0,0,1,1
m05_p01_s33,m05_p01,1,neck_cut_w2,neck_cut,A,0.8999965834159008,0.8181761709529134,1,1.0,0.8181761709529134,1.0,1.0,0.0,0.0,0,0,1,1
m05_p01_s33,m05_p01,1,neck_cut_w3,neck_cut,A,0.8999965834159008,0.8181761709529134,1,1.0,0.8181761709529134,1.0,1.0,0.0,0.0,0,0,1,1
m05_p01_s34,m05_p01,2,current,identity,D,0.9287051297239663,0.8668996328570797,2,1.0,0.30052445591204846,0.0,0.0,0.0,0.0,1,1,2,2
m05_p01_s34,m05_p01,2,opening_k3,opening,D,0.9287203791469194,0.8669262077508405,2,1.0,0.28306596365268116,0.0,0.0,0.0,0.0,1,1,2,2
m05_p01_s34,m05_p01,2,opening_k5,opening,D,0.9287356321839081,0.8669527896995708,2,1.0,0.2910412165764148,0.0,0.0,0.0,0.0,1,1,2,2
m05_p01_s34,m05_p01,2,erode_restore_r1,erode_restore,D,0.9287161321660012,0.8669188065379426,2,1.0,0.30052445591204846,0.0,0.0,0.0,0.0,1,1,2,2
m05_p01_s34,m05_p01,2,erode_restore_r2,erode_restore,D,0.9287161321660012,0.8669188065379426,2,1.0,0.30052445591204846,0.0,0.0,0.0,0.0,1,1,2,2
m05_p01_s34,m05_p01,2,neck_cut_w2,neck_cut,D,0.9287051297239663,0.8668996328570797,2,1.0,0.30052445591204846,0.0,0.0,0.0,0.0,1,1,2,2
m05_p01_s34,m05_p01,2,neck_cut_w3,neck_cut,D,0.9287051297239663,0.8668996328570797,2,1.0,0.30052445591204846,0.0,0.0,0.0,0.0,1,1,2,2
m05_p01_s35,m05_p01,3,current,identity,C,0.8082179937594807,0.6781592518828231,8,0.0,0.6354564359414924,0.0,0.0,0.0,1.0,0,1,0,8
m05_p01_s35,m05_p01,3,opening_k3,opening,C,0.8081008199878928,0.67799427463293,6,0.0,0.635300451046891,0.0,0.0,0.0,1.0,0,1,0,6
m05_p01_s35,m05_p01,3,opening_k5,opening,C,0.8078057528492886,0.677578972369567,6,0.0,0.635194969658726,0.0,0.0,0.0,1.0,0,1,0,6
m05_p01_s35,m05_p01,3,erode_restore_r1,erode_restore,C,0.80817115729242,0.6780933036126462,6,0.0,0.6354564359414924,0.0,0.0,0.0,1.0,0,1,0,6
m05_p01_s35,m05_p01,3,erode_restore_r2,erode_restore,C,0.80817115729242,0.6780933036126462,6,0.0,0.6354564359414924,0.0,0.0,0.0,1.0,0,1,0,6
m05_p01_s35,m05_p01,3,neck_cut_w2,neck_cut,C,0.8082179937594807,0.6781592518828231,8,0.0,0.6354564359414924,0.0,0.0,0.0,1.0,0,1,0,8
m05_p01_s35,m05_p01,3,neck_cut_w3,neck_cut,C,0.8082179937594807,0.6781592518828231,8,0.0,0.6354564359414924,0.0,0.0,0.0,1.0,0,1,0,8
m05_p01_s36,m05_p01,2,current,identity,A,0.9232328019414461,0.8574117075687899,2,1.0,0.853283201161428,1.0,1.0,0.0,0.0,0,0,2,2
m05_p01_s36,m05_p01,2,opening_k3,opening,A,0.9233170699814484,0.8575570803983483,2,1.0,0.8534054512662232,1.0,1.0,0.0,0.0,0,0,2,2
m05_p01_s36,m05_p01,2,opening_k5,opening,A,0.9234894062254774,0.8578544526788968,2,1.0,0.8537140481587734,1.0,1.0,0.0,0.0,0,0,2,2
m05_p01_s36,m05_p01,2,erode_restore_r1,erode_restore,A,0.9232403458024873,0.8574247207382224,2,1.0,0.8532928703506957,1.0,1.0,0.0,0.0,0,0,2,2
m05_p01_s36,m05_p01,2,erode_restore_r2,erode_restore,A,0.9232403458024873,0.8574247207382224,2,1.0,0.8532928703506957,1.0,1.0,0.0,0.0,0,0,2,2
m05_p01_s36,m05_p01,2,neck_cut_w2,neck_cut,A,0.9232328019414461,0.8574117075687899,2,1.0,0.853283201161428,1.0,1.0,0.0,0.0,0,0,2,2
m05_p01_s36,m05_p01,2,neck_cut_w3,neck_cut,A,0.9232328019414461,0.8574117075687899,2,1.0,0.853283201161428,1.0,1.0,0.0,0.0,0,0,2,2
m05_p01_s37,m05_p01,3,current,identity,C,0.9224447482684536,0.8560533177172656,3,1.0,0.7953070316842096,1.0,0.0,0.0,0.0,0,1,3,3
m05_p01_s37,m05_p01,3,opening_k3,opening,C,0.9224643125469572,0.8560870171524194,3,1.0,0.7951864414385047,1.0,0.0,0.0,0.0,0,1,3,3
m05_p01_s37,m05_p01,3,opening_k5,opening,C,0.9224110074921283,0.8559952021646048,3,1.0,0.7943871544436517,1.0,0.0,0.0,0.0,0,1,3,3
m05_p01_s37,m05_p01,3,erode_restore_r1,erode_restore,C,0.9224655373173571,0.8560891268579714,3,1.0,0.795321431418933,1.0,0.0,0.0,0.0,0,1,3,3
m05_p01_s37,m05_p01,3,erode_restore_r2,erode_restore,C,0.9224655373173571,0.8560891268579714,3,1.0,0.795321431418933,1.0,0.0,0.0,0.0,0,1,3,3
m05_p01_s37,m05_p01,3,neck_cut_w2,neck_cut,C,0.9224447482684536,0.8560533177172656,3,1.0,0.7953070316842096,1.0,0.0,0.0,0.0,0,1,3,3
m05_p01_s37,m05_p01,3,neck_cut_w3,neck_cut,C,0.9224447482684536,0.8560533177172656,3,1.0,0.7953070316842096,1.0,0.0,0.0,0.0,0,1,3,3
m05_p01_s38,m05_p01,3,current,identity,D,0.9208270876216569,0.853271127415796,2,0.0,0.3443049110988042,0.0,0.0,1.0,0.0,1,1,3,2
m05_p01_s38,m05_p01,3,opening_k3,opening,D,0.9207945651628083,0.8532152780547468,2,0.0,0.34436239727393175,0.0,0.0,1.0,0.0,1,1,3,2
m05_p01_s38,m05_p01,3,opening_k5,opening,D,0.9207021270488274,0.8530565566031463,2,0.0,0.34451820066244326,0.0,0.0,1.0,0.0,1,1,3,2
m05_p01_s38,m05_p01,3,erode_restore_r1,erode_restore,D,0.9208270876216569,0.853271127415796,2,0.0,0.3443049110988042,0.0,0.0,1.0,0.0,1,1,3,2
m05_p01_s38,m05_p01,3,erode_restore_r2,erode_restore,D,0.9208270876216569,0.853271127415796,2,0.0,0.3443049110988042,0.0,0.0,1.0,0.0,1,1,3,2
m05_p01_s38,m05_p01,3,neck_cut_w2,neck_cut,D,0.9208270876216569,0.853271127415796,2,0.0,0.3443049110988042,0.0,0.0,1.0,0.0,1,1,3,2
m05_p01_s38,m05_p01,3,neck_cut_w3,neck_cut,D,0.9208270876216569,0.853271127415796,2,0.0,0.3443049110988042,0.0,0.0,1.0,0.0,1,1,3,2
m05_p01_s39,m05_p01,1,current,identity,C,0.905583873957368,0.8274584524187573,2,0.0,0.8298888810248425,1.0,1.0,0.0,1.0,0,1,0,2
m05_p01_s39,m05_p01,1,opening_k3,opening,C,0.9056640210107564,0.8275922919460719,2,0.0,0.8299649594733303,1.0,1.0,0.0,1.0,0,1,0,2
m05_p01_s39,m05_p01,1,opening_k5,opening,C,0.9057857625808944,0.8277956286854278,2,0.0,0.8301111819276256,1.0,1.0,0.0,1.0,0,1,0,2
m05_p01_s39,m05_p01,1,erode_restore_r1,erode_restore,C,0.905583873957368,0.8274584524187573,2,0.0,0.8298888810248425,1.0,1.0,0.0,1.0,0,1,0,2
m05_p01_s39,m05_p01,1,erode_restore_r2,erode_restore,C,0.905583873957368,0.8274584524187573,2,0.0,0.8298888810248425,1.0,1.0,0.0,1.0,0,1,0,2
m05_p01_s39,m05_p01,1,neck_cut_w2,neck_cut,C,0.905583873957368,0.8274584524187573,2,0.0,0.8298888810248425,1.0,1.0,0.0,1.0,0,1,0,2
m05_p01_s39,m05_p01,1,neck_cut_w3,neck_cut,C,0.905583873957368,0.8274584524187573,2,0.0,0.8298888810248425,1.0,1.0,0.0,1.0,0,1,0,2
m05_p01_s40,m05_p01,1,current,identity,C,0.8545247281655559,0.7460001531041874,2,0.0,0.7461143863410152,1.0,1.0,0.0,1.0,0,1,0,2
m05_p01_s40,m05_p01,1,opening_k3,opening,C,0.8546948562739421,0.7462595108001838,1,1.0,0.7462595108001838,1.0,1.0,0.0,0.0,0,1,1,1
m05_p01_s40,m05_p01,1,opening_k5,opening,C,0.8547066050430001,0.7462774244630042,1,1.0,0.7462774244630042,1.0,1.0,0.0,0.0,0,1,1,1
m05_p01_s40,m05_p01,1,erode_restore_r1,erode_restore,C,0.8545996667543629,0.7461143863410152,1,1.0,0.7461143863410152,1.0,1.0,0.0,0.0,0,1,1,1
m05_p01_s40,m05_p01,1,erode_restore_r2,erode_restore,C,0.8545996667543629,0.7461143863410152,1,1.0,0.7461143863410152,1.0,1.0,0.0,0.0,0,1,1,1
m05_p01_s40,m05_p01,1,neck_cut_w2,neck_cut,C,0.8545247281655559,0.7460001531041874,2,0.0,0.7461143863410152,1.0,1.0,0.0,1.0,0,1,0,2
m05_p01_s40,m05_p01,1,neck_cut_w3,neck_cut,C,0.8545247281655559,0.7460001531041874,2,0.0,0.7461143863410152,1.0,1.0,0.0,1.0,0,1,0,2
m05_p01_s41,m05_p01,2,current,identity,D,0.9147073717716848,0.8428209572057059,4,0.0,0.39066014329770216,0.0,0.0,0.0,1.0,1,1,0,4
m05_p01_s41,m05_p01,2,opening_k3,opening,D,0.9150943396226415,0.8434782608695652,2,1.0,0.3808517171335443,0.0,0.0,0.0,0.0,1,1,2,2
m05_p01_s41,m05_p01,2,opening_k5,opening,D,0.9150158048403831,0.843344823751807,2,1.0,0.38077013938105364,0.0,0.0,0.0,0.0,1,1,2,2
m05_p01_s41,m05_p01,2,erode_restore_r1,erode_restore,D,0.9150935430563429,0.8434769073402859,2,1.0,0.38079266852472954,0.0,0.0,0.0,0.0,1,1,2,2
m05_p01_s41,m05_p01,2,erode_restore_r2,erode_restore,D,0.9150935430563429,0.8434769073402859,2,1.0,0.38079266852472954,0.0,0.0,0.0,0.0,1,1,2,2
m05_p01_s41,m05_p01,2,neck_cut_w2,neck_cut,D,0.9147073717716848,0.8428209572057059,4,0.0,0.39066014329770216,0.0,0.0,0.0,1.0,1,1,0,4
m05_p01_s41,m05_p01,2,neck_cut_w3,neck_cut,D,0.9147073717716848,0.8428209572057059,4,0.0,0.39066014329770216,0.0,0.0,0.0,1.0,1,1,0,4
m05_p01_s42,m05_p01,3,current,identity,C,0.9042248424353909,0.8251919531056499,6,0.0,0.6072327558632834,0.0,0.0,0.0,1.0,0,1,0,6
m05_p01_s42,m05_p01,3,opening_k3,opening,C,0.9042606138300279,0.8252515381333186,5,0.0,0.6071670051178568,0.0,0.0,0.0,1.0,0,1,0,5
m05_p01_s42,m05_p01,3,opening_k5,opening,C,0.9041864675265897,0.8251280356847844,5,0.0,0.6069148431750578,0.0,0.0,0.0,1.0,0,1,0,5
m05_p01_s42,m05_p01,3,erode_restore_r1,erode_restore,C,0.9042725634626839,0.8252714437089738,5,0.0,0.6072327558632834,0.0,0.0,0.0,1.0,0,1,0,5
m05_p01_s42,m05_p01,3,erode_restore_r2,erode_restore,C,0.9042725634626839,0.8252714437089738,5,0.0,0.6072327558632834,0.0,0.0,0.0,1.0,0,1,0,5
m05_p01_s42,m05_p01,3,neck_cut_w2,neck_cut,C,0.9042248424353909,0.8251919531056499,6,0.0,0.6072327558632834,0.0,0.0,0.0,1.0,0,1,0,6
m05_p01_s42,m05_p01,3,neck_cut_w3,neck_cut,C,0.9042248424353909,0.8251919531056499,6,0.0,0.6072327558632834,0.0,0.0,0.0,1.0,0,1,0,6
m05_p01_s43,m05_p01,3,current,identity,D,0.922248973233253,0.8557161629434954,3,1.0,0.48524986811443965,0.0,0.0,0.0,0.0,1,1,3,3
m05_p01_s43,m05_p01,3,opening_k3,opening,D,0.9222210856787656,0.8556681462445976,3,1.0,0.4833911924822734,0.0,0.0,0.0,0.0,1,1,3,3
m05_p01_s43,m05_p01,3,opening_k5,opening,D,0.922254922018854,0.8557264058644003,3,1.0,0.48525220942369995,0.0,0.0,0.0,0.0,1,1,3,3
m05_p01_s43,m05_p01,3,erode_restore_r1,erode_restore,D,0.922248973233253,0.8557161629434954,3,1.0,0.48524986811443965,0.0,0.0,0.0,0.0,1,1,3,3
m05_p01_s43,m05_p01,3,erode_restore_r2,erode_restore,D,0.922248973233253,0.8557161629434954,3,1.0,0.48524986811443965,0.0,0.0,0.0,0.0,1,1,3,3
m05_p01_s43,m05_p01,3,neck_cut_w2,neck_cut,D,0.922248973233253,0.8557161629434954,3,1.0,0.48524986811443965,0.0,0.0,0.0,0.0,1,1,3,3
m05_p01_s43,m05_p01,3,neck_cut_w3,neck_cut,D,0.922248973233253,0.8557161629434954,3,1.0,0.48524986811443965,0.0,0.0,0.0,0.0,1,1,3,3
m05_p01_s44,m05_p01,2,current,identity,D,0.892999407313476,0.806683766217596,2,1.0,0.2468519267725296,0.0,0.0,0.0,0.0,1,1,2,2
m05_p01_s44,m05_p01,2,opening_k3,opening,D,0.8929359214734752,0.8065801598963911,1,0.0,0.24683240181077867,0.0,0.0,1.0,0.0,1,1,2,1
m05_p01_s44,m05_p01,2,opening_k5,opening,D,0.8929639996139369,0.8066259808195292,1,0.0,0.2469452806800071,0.0,0.0,1.0,0.0,1,1,2,1
m05_p01_s44,m05_p01,2,erode_restore_r1,erode_restore,D,0.893036334564702,0.8067440354634656,1,0.0,0.2468519267725296,0.0,0.0,1.0,0.0,1,1,2,1
m05_p01_s44,m05_p01,2,erode_restore_r2,erode_restore,D,0.893036334564702,0.8067440354634656,1,0.0,0.2468519267725296,0.0,0.0,1.0,0.0,1,1,2,1
m05_p01_s44,m05_p01,2,neck_cut_w2,neck_cut,D,0.892999407313476,0.806683766217596,2,1.0,0.2468519267725296,0.0,0.0,0.0,0.0,1,1,2,2
m05_p01_s44,m05_p01,2,neck_cut_w3,neck_cut,D,0.892999407313476,0.806683766217596,2,1.0,0.2468519267725296,0.0,0.0,0.0,0.0,1,1,2,2
m05_p01_s45,m05_p01,1,current,identity,E,0.9410630680253373,0.8886866059817945,2,0.0,0.8889049470322142,1.0,1.0,0.0,1.0,0,0,0,2
m05_p01_s45,m05_p01,1,opening_k3,opening,E,0.941078355610984,0.8887138728323699,2,0.0,0.8888937068192987,1.0,1.0,0.0,1.0,0,0,0,2
m05_p01_s45,m05_p01,1,opening_k5,opening,A,0.9409477446860625,0.8884809412989115,1,1.0,0.8884809412989115,1.0,1.0,0.0,0.0,0,0,1,1
m05_p01_s45,m05_p01,1,erode_restore_r1,erode_restore,E,0.9410630680253373,0.8886866059817945,2,0.0,0.8889049470322142,1.0,1.0,0.0,1.0,0,0,0,2
m05_p01_s45,m05_p01,1,erode_restore_r2,erode_restore,A,0.9411854719622951,0.8889049470322142,1,1.0,0.8889049470322142,1.0,1.0,0.0,0.0,0,0,1,1
m05_p01_s45,m05_p01,1,neck_cut_w2,neck_cut,E,0.9410630680253373,0.8886866059817945,2,0.0,0.8889049470322142,1.0,1.0,0.0,1.0,0,0,0,2
m05_p01_s45,m05_p01,1,neck_cut_w3,neck_cut,E,0.9410630680253373,0.8886866059817945,2,0.0,0.8889049470322142,1.0,1.0,0.0,1.0,0,0,0,2
m05_p01_s46,m05_p01,1,current,identity,C,0.9237344504040418,0.8582774490466798,1,1.0,0.8582774490466798,1.0,1.0,0.0,0.0,0,1,1,1
m05_p01_s46,m05_p01,1,opening_k3,opening,C,0.9236996673979194,0.8582173947347658,1,1.0,0.8582173947347658,1.0,1.0,0.0,0.0,0,1,1,1
m05_p01_s46,m05_p01,1,opening_k5,opening,C,0.9237236557161257,0.8582588111520253,1,1.0,0.8582588111520253,1.0,1.0,0.0,0.0,0,1,1,1
m05_p01_s46,m05_p01,1,erode_restore_r1,erode_restore,C,0.9237344504040418,0.8582774490466798,1,1.0,0.8582774490466798,1.0,1.0,0.0,0.0,0,1,1,1
m05_p01_s46,m05_p01,1,erode_restore_r2,erode_restore,C,0.9237344504040418,0.8582774490466798,1,1.0,0.8582774490466798,1.0,1.0,0.0,0.0,0,1,1,1
m05_p01_s46,m05_p01,1,neck_cut_w2,neck_cut,C,0.9237344504040418,0.8582774490466798,1,1.0,0.8582774490466798,1.0,1.0,0.0,0.0,0,1,1,1
m05_p01_s46,m05_p01,1,neck_cut_w3,neck_cut,C,0.9237344504040418,0.8582774490466798,1,1.0,0.8582774490466798,1.0,1.0,0.0,0.0,0,1,1,1
m05_p01_s47,m05_p01,2,current,identity,C,0.8852418296015045,0.7941110934267069,7,0.0,0.4425704054113798,0.0,0.0,0.0,1.0,0,1,0,7
m05_p01_s47,m05_p01,2,opening_k3,opening,C,0.8849383154344546,0.7936227454351529,5,0.0,0.442512600583606,0.0,0.0,0.0,1.0,0,1,0,5
m05_p01_s47,m05_p01,2,opening_k5,opening,C,0.8846495435006572,0.7931583641228181,4,0.0,0.44249049429657794,0.0,0.0,0.0,1.0,0,1,0,4
m05_p01_s47,m05_p01,2,erode_restore_r1,erode_restore,C,0.8850835788054087,0.7938564380073213,5,0.0,0.4425704054113798,0.0,0.0,0.0,1.0,0,1,0,5
m05_p01_s47,m05_p01,2,erode_restore_r2,erode_restore,C,0.8851935329298809,0.7940333672949567,4,0.0,0.4425704054113798,0.0,0.0,0.0,1.0,0,1,0,4
m05_p01_s47,m05_p01,2,neck_cut_w2,neck_cut,C,0.8852418296015045,0.7941110934267069,7,0.0,0.4425704054113798,0.0,0.0,0.0,1.0,0,1,0,7
m05_p01_s47,m05_p01,2,neck_cut_w3,neck_cut,C,0.8852418296015045,0.7941110934267069,7,0.0,0.4425704054113798,0.0,0.0,0.0,1.0,0,1,0,7
m05_p01_s48,m05_p01,3,current,identity,D,0.8994593082874989,0.8172885519461268,2,0.0,0.3911914364528885,0.0,0.0,1.0,0.0,1,1,3,2
m05_p01_s48,m05_p01,3,opening_k3,opening,D,0.8994790391944337,0.817321133562079,2,0.0,0.39121554815724524,0.0,0.0,1.0,0.0,1,1,3,2
m05_p01_s48,m05_p01,3,opening_k5,opening,D,0.8994498064997436,0.8172728620755396,2,0.0,0.3910729699547038,0.0,0.0,1.0,0.0,1,1,3,2
m05_p01_s48,m05_p01,3,erode_restore_r1,erode_restore,D,0.8994593082874989,0.8172885519461268,2,0.0,0.3911914364528885,0.0,0.0,1.0,0.0,1,1,3,2
m05_p01_s48,m05_p01,3,erode_restore_r2,erode_restore,D,0.8994593082874989,0.8172885519461268,2,0.0,0.3911914364528885,0.0,0.0,1.0,0.0,1,1,3,2
m05_p01_s48,m05_p01,3,neck_cut_w2,neck_cut,D,0.8994593082874989,0.8172885519461268,2,0.0,0.3911914364528885,0.0,0.0,1.0,0.0,1,1,3,2
m05_p01_s48,m05_p01,3,neck_cut_w3,neck_cut,D,0.8994593082874989,0.8172885519461268,2,0.0,0.3911914364528885,0.0,0.0,1.0,0.0,1,1,3,2
m12_p02_s00,m12_p02,3,current,identity,D,0.874119760800193,0.7763878700113374,4,0.0,0.316955386883605,0.0,0.0,0.0,1.0,1,1,0,4
m12_p02_s00,m12_p02,3,opening_k3,opening,D,0.8740779683384386,0.7763219332767937,3,1.0,0.3169183756042369,0.0,0.0,0.0,0.0,1,1,3,3
m12_p02_s00,m12_p02,3,opening_k5,opening,D,0.8741960767471574,0.7765082877143457,3,1.0,0.31705394186766234,0.0,0.0,0.0,0.0,1,1,3,3
m12_p02_s00,m12_p02,3,erode_restore_r1,erode_restore,D,0.8741137224194707,0.7763783428446215,3,1.0,0.316955386883605,0.0,0.0,0.0,0.0,1,1,3,3
m12_p02_s00,m12_p02,3,erode_restore_r2,erode_restore,D,0.8741137224194707,0.7763783428446215,3,1.0,0.316955386883605,0.0,0.0,0.0,0.0,1,1,3,3
m12_p02_s00,m12_p02,3,neck_cut_w2,neck_cut,D,0.874119760800193,0.7763878700113374,4,0.0,0.316955386883605,0.0,0.0,0.0,1.0,1,1,0,4
m12_p02_s00,m12_p02,3,neck_cut_w3,neck_cut,D,0.874119760800193,0.7763878700113374,4,0.0,0.316955386883605,0.0,0.0,0.0,1.0,1,1,0,4
m12_p02_s01,m12_p02,3,current,identity,B,0.9263004530720591,0.8627184911480883,3,1.0,0.11488669213819314,0.0,0.0,0.0,0.0,1,0,3,3
m12_p02_s01,m12_p02,3,opening_k3,opening,B,0.9262813625237823,0.862685372306671,3,1.0,0.11997147966849032,0.0,0.0,0.0,0.0,1,0,3,3
m12_p02_s01,m12_p02,3,opening_k5,opening,B,0.9263327279350677,0.8627744852029409,3,1.0,0.11484958610942864,0.0,0.0,0.0,0.0,1,0,3,3
m12_p02_s01,m12_p02,3,erode_restore_r1,erode_restore,B,0.9263004530720591,0.8627184911480883,3,1.0,0.11488669213819314,0.0,0.0,0.0,0.0,1,0,3,3
m12_p02_s01,m12_p02,3,erode_restore_r2,erode_restore,B,0.9263004530720591,0.8627184911480883,3,1.0,0.11488669213819314,0.0,0.0,0.0,0.0,1,0,3,3
m12_p02_s01,m12_p02,3,neck_cut_w2,neck_cut,B,0.9263004530720591,0.8627184911480883,3,1.0,0.11488669213819314,0.0,0.0,0.0,0.0,1,0,3,3
m12_p02_s01,m12_p02,3,neck_cut_w3,neck_cut,B,0.9263004530720591,0.8627184911480883,3,1.0,0.11488669213819314,0.0,0.0,0.0,0.0,1,0,3,3
m12_p02_s02,m12_p02,3,current,identity,D,0.836062174336982,0.7183048406049809,9,0.0,0.1390051255780614,0.0,0.0,0.0,1.0,1,1,0,9
m12_p02_s02,m12_p02,3,opening_k3,opening,D,0.8357629280478063,0.7178631811186001,4,0.0,0.13853117969038006,0.0,0.0,0.0,1.0,1,1,0,4
m12_p02_s02,m12_p02,3,opening_k5,opening,D,0.8355052886228391,0.7174831113099255,4,0.0,0.1383702986374728,0.0,0.0,0.0,1.0,1,1,0,4
m12_p02_s02,m12_p02,3,erode_restore_r1,erode_restore,D,0.836021090251274,0.7182441908949623,3,1.0,0.13899367554600134,0.0,0.0,0.0,0.0,1,1,3,3
m12_p02_s02,m12_p02,3,erode_restore_r2,erode_restore,D,0.836021090251274,0.7182441908949623,3,1.0,0.13899367554600134,0.0,0.0,0.0,0.0,1,1,3,3
m12_p02_s02,m12_p02,3,neck_cut_w2,neck_cut,D,0.836062174336982,0.7183048406049809,9,0.0,0.1390051255780614,0.0,0.0,0.0,1.0,1,1,0,9
m12_p02_s02,m12_p02,3,neck_cut_w3,neck_cut,D,0.836062174336982,0.7183048406049809,9,0.0,0.1390051255780614,0.0,0.0,0.0,1.0,1,1,0,9
m12_p02_s03,m12_p02,1,current,identity,C,0.8591271667062191,0.7530437588086465,2,0.0,0.7530469555914978,1.0,1.0,0.0,1.0,0,1,0,2
m12_p02_s03,m12_p02,1,opening_k3,opening,C,0.8590265583180943,0.7528891794815186,1,1.0,0.7528891794815186,1.0,1.0,0.0,0.0,0,1,1,1
m12_p02_s03,m12_p02,1,opening_k5,opening,C,0.8588112718373676,0.7525584950528685,1,1.0,0.7525584950528685,1.0,1.0,0.0,0.0,0,1,1,1
m12_p02_s03,m12_p02,1,erode_restore_r1,erode_restore,C,0.8591292471540345,0.7530469555914978,1,1.0,0.7530469555914978,1.0,1.0,0.0,0.0,0,1,1,1
m12_p02_s03,m12_p02,1,erode_restore_r2,erode_restore,C,0.8591292471540345,0.7530469555914978,1,1.0,0.7530469555914978,1.0,1.0,0.0,0.0,0,1,1,1
m12_p02_s03,m12_p02,1,neck_cut_w2,neck_cut,C,0.8591271667062191,0.7530437588086465,2,0.0,0.7530469555914978,1.0,1.0,0.0,1.0,0,1,0,2
m12_p02_s03,m12_p02,1,neck_cut_w3,neck_cut,C,0.8591271667062191,0.7530437588086465,2,0.0,0.7530469555914978,1.0,1.0,0.0,1.0,0,1,0,2
m12_p02_s04,m12_p02,3,current,identity,D,0.9065873811743871,0.8291356488533241,6,0.0,0.4182963147646852,0.0,0.0,0.0,1.0,1,1,0,6
m12_p02_s04,m12_p02,3,opening_k3,opening,D,0.906513520093155,0.8290120973149862,6,0.0,0.41874786824917964,0.0,0.0,0.0,1.0,1,1,0,6
m12_p02_s04,m12_p02,3,opening_k5,opening,D,0.9064265194796811,0.828866587957497,6,0.0,0.4188403550902409,0.0,0.0,0.0,1.0,1,1,0,6
m12_p02_s04,m12_p02,3,erode_restore_r1,erode_restore,D,0.9065585259077461,0.8290873790573445,5,0.0,0.4183032848708465,0.0,0.0,0.0,1.0,1,1,0,5
m12_p02_s04,m12_p02,3,erode_restore_r2,erode_restore,D,0.9066249868039834,0.829198560294378,4,0.0,0.4183032848708465,0.0,0.0,0.0,1.0,1,1,0,4
m12_p02_s04,m12_p02,3,neck_cut_w2,neck_cut,D,0.9065873811743871,0.8291356488533241,6,0.0,0.4182963147646852,0.0,0.0,0.0,1.0,1,1,0,6
m12_p02_s04,m12_p02,3,neck_cut_w3,neck_cut,D,0.9065873811743871,0.8291356488533241,6,0.0,0.4182963147646852,0.0,0.0,0.0,1.0,1,1,0,6
m12_p02_s05,m12_p02,3,current,identity,D,0.8699352757501189,0.7698101330678807,3,1.0,0.12057345299479362,0.0,0.0,0.0,0.0,1,1,3,3
m12_p02_s05,m12_p02,3,opening_k3,opening,D,0.8699169841289538,0.7697814867684198,3,1.0,0.12056172426495464,0.0,0.0,0.0,0.0,1,1,3,3
m12_p02_s05,m12_p02,3,opening_k5,opening,D,0.869822069062522,0.7696328562538892,2,0.0,0.12040608170251584,0.0,0.0,1.0,0.0,1,1,3,2
m12_p02_s05,m12_p02,3,erode_restore_r1,erode_restore,D,0.8699306020827646,0.7698028136024945,2,0.0,0.12057345299479362,0.0,0.0,1.0,0.0,1,1,3,2
m12_p02_s05,m12_p02,3,erode_restore_r2,erode_restore,D,0.8698978853288225,0.7697515773447907,2,0.0,0.16112765052554834,0.0,0.0,1.0,0.0,1,1,3,2
m12_p02_s05,m12_p02,3,neck_cut_w2,neck_cut,D,0.8699352757501189,0.7698101330678807,3,1.0,0.12057345299479362,0.0,0.0,0.0,0.0,1,1,3,3
m12_p02_s05,m12_p02,3,neck_cut_w3,neck_cut,D,0.8699352757501189,0.7698101330678807,3,1.0,0.12057345299479362,0.0,0.0,0.0,0.0,1,1,3,3
m12_p02_s06,m12_p02,3,current,identity,D,0.8613075146562444,0.7564004555595426,1,0.0,0.07138326421078312,0.0,0.0,1.0,0.0,1,1,3,1
m12_p02_s06,m12_p02,3,opening_k3,opening,D,0.8613726814014641,0.7565009791453738,1,0.0,0.07139390685959533,0.0,0.0,1.0,0.0,1,1,3,1
m12_p02_s06,m12_p02,3,opening_k5,opening,D,0.8613957703122294,0.7565365979260785,1,0.0,0.0713915799691441,0.0,0.0,1.0,0.0,1,1,3,1
m12_p02_s06,m12_p02,3,erode_restore_r1,erode_restore,D,0.8613075146562444,0.7564004555595426,1,0.0,0.07138326421078312,0.0,0.0,1.0,0.0,1,1,3,1
m12_p02_s06,m12_p02,3,erode_restore_r2,erode_restore,D,0.8613075146562444,0.7564004555595426,1,0.0,0.07138326421078312,0.0,0.0,1.0,0.0,1,1,3,1
m12_p02_s06,m12_p02,3,neck_cut_w2,neck_cut,D,0.8613075146562444,0.7564004555595426,1,0.0,0.07138326421078312,0.0,0.0,1.0,0.0,1,1,3,1
m12_p02_s06,m12_p02,3,neck_cut_w3,neck_cut,D,0.8613075146562444,0.7564004555595426,1,0.0,0.07138326421078312,0.0,0.0,1.0,0.0,1,1,3,1
m12_p02_s07,m12_p02,3,current,identity,D,0.9018924148497813,0.8213151671531387,7,0.0,0.4154759385936546,0.0,0.0,0.0,1.0,1,1,0,7
m12_p02_s07,m12_p02,3,opening_k3,opening,D,0.9019473074875424,0.8214062163299232,5,0.0,0.4154916827448731,0.0,0.0,0.0,1.0,1,1,0,5
m12_p02_s07,m12_p02,3,opening_k5,opening,D,0.9020392293865408,0.8215587054923174,5,0.0,0.4154908599520342,0.0,0.0,0.0,1.0,1,1,0,5
m12_p02_s07,m12_p02,3,erode_restore_r1,erode_restore,D,0.9019000354883593,0.8213278067898512,5,0.0,0.4154759385936546,0.0,0.0,0.0,1.0,1,1,0,5
m12_p02_s07,m12_p02,3,erode_restore_r2,erode_restore,D,0.9019000354883593,0.8213278067898512,5,0.0,0.4154759385936546,0.0,0.0,0.0,1.0,1,1,0,5
m12_p02_s07,m12_p02,3,neck_cut_w2,neck_cut,D,0.9018924148497813,0.8213151671531387,7,0.0,0.4154759385936546,0.0,0.0,0.0,1.0,1,1,0,7
m12_p02_s07,m12_p02,3,neck_cut_w3,neck_cut,D,0.9018924148497813,0.8213151671531387,7,0.0,0.4154759385936546,0.0,0.0,0.0,1.0,1,1,0,7
m12_p02_s08,m12_p02,3,current,identity,B,0.9041366463993252,0.8250450600694021,1,0.0,0.09722423269422255,0.0,0.0,1.0,0.0,1,0,3,1
m12_p02_s08,m12_p02,3,opening_k3,opening,B,0.9041821032133793,0.8251207667485678,1,0.0,0.09724470768893277,0.0,0.0,1.0,0.0,1,0,3,1
m12_p02_s08,m12_p02,3,opening_k5,opening,B,0.904257338723853,0.8252460825708089,1,0.0,0.09726693218349187,0.0,0.0,1.0,0.0,1,0,3,1
m12_p02_s08,m12_p02,3,erode_restore_r1,erode_restore,B,0.9041321210289357,0.8250375235725007,1,0.0,0.09722615185869977,0.0,0.0,1.0,0.0,1,0,3,1
m12_p02_s08,m12_p02,3,erode_restore_r2,erode_restore,B,0.9041321210289357,0.8250375235725007,1,0.0,0.09722615185869977,0.0,0.0,1.0,0.0,1,0,3,1
m12_p02_s08,m12_p02,3,neck_cut_w2,neck_cut,B,0.9041366463993252,0.8250450600694021,1,0.0,0.09722423269422255,0.0,0.0,1.0,0.0,1,0,3,1
m12_p02_s08,m12_p02,3,neck_cut_w3,neck_cut,B,0.9041366463993252,0.8250450600694021,1,0.0,0.09722423269422255,0.0,0.0,1.0,0.0,1,0,3,1
m12_p02_s09,m12_p02,3,current,identity,D,0.89405045777032,0.8084007666098807,6,0.0,0.4053664112650916,0.0,0.0,0.0,1.0,1,1,0,6
m12_p02_s09,m12_p02,3,opening_k3,opening,D,0.8939817342798103,0.8082883999186843,2,0.0,0.4053337130082391,0.0,0.0,1.0,0.0,1,1,3,2
m12_p02_s09,m12_p02,3,opening_k5,opening,D,0.8937907621791233,0.8079762233226357,3,1.0,0.40474341272358366,0.0,0.0,0.0,0.0,1,1,3,3
m12_p02_s09,m12_p02,3,erode_restore_r1,erode_restore,D,0.8940446623560142,0.8083912902492026,2,0.0,0.4053664112650916,0.0,0.0,1.0,0.0,1,1,3,2
m12_p02_s09,m12_p02,3,erode_restore_r2,erode_restore,D,0.8940446623560142,0.8083912902492026,2,0.0,0.4053664112650916,0.0,0.0,1.0,0.0,1,1,3,2
m12_p02_s09,m12_p02,3,neck_cut_w2,neck_cut,D,0.89405045777032,0.8084007666098807,6,0.0,0.4053664112650916,0.0,0.0,0.0,1.0,1,1,0,6
m12_p02_s09,m12_p02,3,neck_cut_w3,neck_cut,D,0.89405045777032,0.8084007666098807,6,0.0,0.4053664112650916,0.0,0.0,0.0,1.0,1,1,0,6
