sample_id,patient_id,gt_count,mask_condition,method_key,failure_attribution,matched_iou_per_gt
m04_p01_s01,m04_p01,3,PREDICTED_SEMANTIC,global_distance_maxima_r09,false_semantic_bridges,"[0.47767528474297344, 0.0, 0.0]"
m04_p01_s04,m04_p01,3,PREDICTED_SEMANTIC,global_distance_maxima_r09,false_semantic_bridges,"[0.8320770706034522, 0.8501485952388247, 0.49865047233468285]"
m04_p01_s05,m04_p01,3,PREDICTED_SEMANTIC,global_distance_maxima_r09,false_semantic_bridges,"[0.36787032735985137, 0.3199878016903372, 0.5020412329046744]"
m04_p01_s06,m04_p01,3,PREDICTED_SEMANTIC,global_distance_maxima_r09,missing_semantic_tissue,"[0.5571955719557196, 0.44398829989223587, 0.7372633438207209]"
m04_p01_s07,m04_p01,2,PREDICTED_SEMANTIC,global_distance_maxima_r09,missing_semantic_tissue,"[0.00042170368287883047, 0.4362179708543408]"
m04_p01_s08,m04_p01,2,PREDICTED_SEMANTIC,global_distance_maxima_r09,false_semantic_bridges,"[0.90445924645345, 0.8129068150208623]"
m04_p01_s09,m04_p01,3,PREDICTED_SEMANTIC,global_distance_maxima_r09,false_semantic_bridges,"[0.777307366638442, 0.8430632758273091, 0.507095926412615]"
m04_p01_s10,m04_p01,3,PREDICTED_SEMANTIC,global_distance_maxima_r09,false_semantic_bridges,"[0.4805497254248009, 0.0, 0.0]"
m04_p01_s11,m04_p01,3,PREDICTED_SEMANTIC,global_distance_maxima_r09,false_semantic_bridges,"[0.6270160661363282, 0.0, 0.7854514229636899]"
m04_p01_s13,m04_p01,2,PREDICTED_SEMANTIC,global_distance_maxima_r09,missing_semantic_tissue,"[0.4427486385783892, 0.6361424847958297]"
m04_p01_s14,m04_p01,2,PREDICTED_SEMANTIC,global_distance_maxima_r09,false_semantic_bridges,"[0.022079046551899767, 0.43316538233550683]"
m04_p01_s15,m04_p01,2,PREDICTED_SEMANTIC,global_distance_maxima_r09,false_semantic_bridges,"[0.9148601186871745, 0.8792039579743176]"
m04_p01_s16,m04_p01,3,PREDICTED_SEMANTIC,global_distance_maxima_r09,seed_failures,"[0.9076334051208423, 0.6662599601593625, 0.0]"
m04_p01_s17,m04_p01,3,PREDICTED_SEMANTIC,global_distance_maxima_r09,false_semantic_bridges,"[0.8493432400159214, 0.8621288515406162, 0.4212819630776287]"
m04_p01_s18,m04_p01,3,PREDICTED_SEMANTIC,global_distance_maxima_r09,false_semantic_bridges,"[0.8628457059679767, 0.7271478873239436, 0.5705329153605015]"
m04_p01_s19,m04_p01,2,PREDICTED_SEMANTIC,global_distance_maxima_r09,missing_semantic_tissue,"[0.6051303230543319, 0.5649280887194593]"
m04_p01_s20,m04_p01,3,PREDICTED_SEMANTIC,global_distance_maxima_r09,false_semantic_bridges,"[0.8998822143698468, 0.00023126734505087883, 0.3975086051466973]"
m04_p01_s22,m04_p01,3,PREDICTED_SEMANTIC,global_distance_maxima_r09,missing_semantic_tissue,"[0.6283172622110103, 0.5420681156172977, 0.0]"
m04_p01_s23,m04_p01,3,PREDICTED_SEMANTIC,global_distance_maxima_r09,false_semantic_bridges,"[0.885926085861312, 0.710114754504672, 0.0]"
m04_p01_s24,m04_p01,2,PREDICTED_SEMANTIC,global_distance_maxima_r09,missing_semantic_tissue,"[0.8152338557606108, 0.4077494115516929]"
m04_p01_s25,m04_p01,3,PREDICTED_SEMANTIC,global_distance_maxima_r09,missing_semantic_tissue,"[0.6656554875194277, 0.6511380071553627, 0.4818878900052882]"
m04_p01_s26,m04_p01,3,PREDICTED_SEMANTIC,global_distance_maxima_r09,false_semantic_bridges,"[0.8750398215992354, 0.8778444170047628, 0.44973764153548745]"
m04_p01_s27,m04_p01,3,PREDICTED_SEMANTIC,global_distance_maxima_r09,false_semantic_bridges,"[0.9109743029437102, 0.3493854880642874, 0.001974463604054232]"
m04_p01_s28,m04_p01,2,PREDICTED_SEMANTIC,global_distance_maxima_r09,missing_semantic_tissue,"[0.6851136225543808, 0.6868125415900106]"
m04_p01_s29,m04_p01,2,PREDICTED_SEMANTIC,global_distance_maxima_r09,missing_semantic_tissue,"[0.0, 0.5127745022643767]"
m04_p01_s30,m04_p01,2,PREDICTED_SEMANTIC,global_distance_maxima_r09,false_semantic_bridges,"[0.9251749506549435, 0.8140042569448235]"
m04_p01_s32,m04_p01,3,PREDICTED_SEMANTIC,global_distance_maxima_r09,false_semantic_bridges,"[0.8682708912080487, 0.8766705534128622, 0.6902424056459037]"
m04_p01_s33,m04_p01,3,PREDICTED_SEMANTIC,global_distance_maxima_r09,false_semantic_bridges,"[0.6287456800162635, 0.6304978619425778, 0.471511888739345]"
m04_p01_s34,m04_p01,2,PREDICTED_SEMANTIC,global_distance_maxima_r09,false_semantic_bridges,"[0.4488373772385904, 0.3472705277483744]"
m04_p01_s35,m04_p01,3,PREDICTED_SEMANTIC,global_distance_maxima_r09,false_semantic_bridges,"[0.5136003234428697, 0.0, 0.323247102891256]"
m04_p01_s36,m04_p01,3,PREDICTED_SEMANTIC,global_distance_maxima_r09,missing_semantic_tissue,"[0.5548900867327698, 0.490976995260961, 0.0]"
m04_p01_s37,m04_p01,2,PREDICTED_SEMANTIC,global_distance_maxima_r09,false_semantic_bridges,"[0.537390489669401, 0.0]"
m04_p01_s38,m04_p01,3,PREDICTED_SEMANTIC,global_distance_maxima_r09,false_semantic_bridges,"[0.6331227217496962, 0.0, 0.412525708219996]"
m04_p01_s39,m04_p01,3,PREDICTED_SEMANTIC,global_distance_maxima_r09,false_semantic_bridges,"[0.8659707890141293, 0.7162339299218553, 0.0]"
m04_p01_s40,m04_p01,3,PREDICTED_SEMANTIC,global_distance_maxima_r09,false_semantic_bridges,"[0.7812480899700507, 0.5778798316111748, 0.3892093456854862]"
m04_p01_s41,m04_p01,1,PREDICTED_SEMANTIC,global_distance_maxima_r09,seed_failures,[0.6104079377755413]
m05_p01_s00,m05_p01,2,PREDICTED_SEMANTIC,global_distance_maxima_r09,missing_semantic_tissue,"[0.6852213661665499, 0.8333172427109481]"
m05_p01_s02,m05_p01,2,PREDICTED_SEMANTIC,global_distance_maxima_r09,false_semantic_bridges,"[0.15098233776542966, 0.44186184054885264]"
m05_p01_s03,m05_p01,3,PREDICTED_SEMANTIC,global_distance_maxima_r09,false_semantic_bridges,"[0.7219330855018588, 0.7037681547419852, 0.8805575128465121]"
m05_p01_s05,m05_p01,2,PREDICTED_SEMANTIC,global_distance_maxima_r09,false_semantic_bridges,"[0.7875150327379626, 0.07059086339774377]"
m05_p01_s06,m05_p01,2,PREDICTED_SEMANTIC,global_distance_maxima_r09,false_semantic_bridges,"[0.7381653256579664, 0.0]"
m05_p01_s09,m05_p01,3,PREDICTED_SEMANTIC,global_distance_maxima_r09,missing_semantic_tissue,"[0.00043316295590401107, 0.0, 0.5306113348890441]"
m05_p01_s10,m05_p01,2,PREDICTED_SEMANTIC,global_distance_maxima_r09,false_semantic_bridges,"[0.8671694258330078, 0.7129940266753948]"
m05_p01_s11,m05_p01,1,PREDICTED_SEMANTIC,global_distance_maxima_r09,seed_failures,[0.5771894187710632]
m05_p01_s12,m05_p01,3,PREDICTED_SEMANTIC,global_distance_maxima_r09,false_semantic_bridges,"[0.860111367649056, 0.8204703935704999, 0.7649130832570906]"
m05_p01_s15,m05_p01,2,PREDICTED_SEMANTIC,global_distance_maxima_r09,seed_failures,"[0.8831849430857658, 0.7415407854984895]"
m05_p01_s18,m05_p01,3,PREDICTED_SEMANTIC,global_distance_maxima_r09,false_semantic_bridges,"[0.49310726813957784, 0.0, 0.5683190049387232]"
m05_p01_s19,m05_p01,2,PREDICTED_SEMANTIC,global_distance_maxima_r09,seed_failures,"[0.8394814014508412, 0.8604724741615692]"
m05_p01_s20,m05_p01,2,PREDICTED_SEMANTIC,global_distance_maxima_r09,false_semantic_bridges,"[0.8332410994281498, 0.682855526216522]"
m05_p01_s22,m05_p01,3,PREDICTED_SEMANTIC,global_distance_maxima_r09,false_semantic_bridges,"[0.7624110640338956, 0.8219292158223456, 0.8550683904815439]"
m05_p01_s24,m05_p01,3,PREDICTED_SEMANTIC,global_distance_maxima_r09,false_semantic_bridges,"[0.4118112908700079, 0.4373799462159047, 0.8261909017785325]"
m05_p01_s25,m05_p01,1,PREDICTED_SEMANTIC,global_distance_maxima_r09,missing_semantic_tissue,[0.6899947991158497]
m05_p01_s26,m05_p01,2,PREDICTED_SEMANTIC,global_distance_maxima_r09,false_semantic_bridges,"[0.29648991784914114, 0.0]"
m05_p01_s27,m05_p01,2,PREDICTED_SEMANTIC,global_distance_maxima_r09,seed_failures,"[0.8753827181493451, 0.7168810088650268]"
m05_p01_s28,m05_p01,2,PREDICTED_SEMANTIC,global_distance_maxima_r09,missing_semantic_tissue,"[0.5409131781396743, 0.7848394433200493]"
m05_p01_s29,m05_p01,2,PREDICTED_SEMANTIC,global_distance_maxima_r09,false_semantic_bridges,"[0.8823333418766179, 0.7877061469265367]"
m05_p01_s30,m05_p01,3,PREDICTED_SEMANTIC,global_distance_maxima_r09,false_semantic_bridges,"[0.8830266249021144, 0.0, 0.55172936564659]"
m05_p01_s31,m05_p01,3,PREDICTED_SEMANTIC,global_distance_maxima_r09,seed_failures,"[0.4830365267125959, 0.5887435777673984, 0.8736666020170675]"
m05_p01_s34,m05_p01,2,PREDICTED_SEMANTIC,global_distance_maxima_r09,false_semantic_bridges,"[0.6010489118240969, 0.0]"
m05_p01_s35,m05_p01,3,PREDICTED_SEMANTIC,global_distance_maxima_r09,missing_semantic_tissue,"[0.8063648807195932, 0.8277585544021531, 0.27224587270273076]"
m05_p01_s38,m05_p01,3,PREDICTED_SEMANTIC,global_distance_maxima_r09,false_semantic_bridges,"[0.8405125408942202, 0.0, 0.6863396820537491]"
m05_p01_s39,m05_p01,1,PREDICTED_SEMANTIC,global_distance_maxima_r09,seed_failures,[0.8298888810248425]
m05_p01_s40,m05_p01,1,PREDICTED_SEMANTIC,global_distance_maxima_r09,seed_failures,[0.7461143863410152]
m05_p01_s41,m05_p01,2,PREDICTED_SEMANTIC,global_distance_maxima_r09,false_semantic_bridges,"[0.7813202865954043, 0.0]"
m05_p01_s42,m05_p01,3,PREDICTED_SEMANTIC,global_distance_maxima_r09,seed_failures,"[0.4048706240487062, 0.5412921348314607, 0.8755355087096836]"
m05_p01_s43,m05_p01,3,PREDICTED_SEMANTIC,global_distance_maxima_r09,false_semantic_bridges,"[0.7440242750407924, 0.0, 0.7117253293025264]"
m05_p01_s44,m05_p01,2,PREDICTED_SEMANTIC,global_distance_maxima_r09,false_semantic_bridges,"[0.4937038535450592, 0.0]"
m05_p01_s45,m05_p01,1,PREDICTED_SEMANTIC,global_distance_maxima_r09,seed_failures,[0.8889049470322142]
m05_p01_s47,m05_p01,2,PREDICTED_SEMANTIC,global_distance_maxima_r09,missing_semantic_tissue,"[0.8851408108227596, 0.0]"
m05_p01_s48,m05_p01,3,PREDICTED_SEMANTIC,global_distance_maxima_r09,false_semantic_bridges,"[0.5574622984919396, 0.6161120108667258, 0.0]"
m12_p02_s00,m12_p02,3,PREDICTED_SEMANTIC,global_distance_maxima_r09,missing_semantic_tissue,"[0.0, 0.5656062160973464, 0.3852599445534685]"
m12_p02_s01,m12_p02,3,PREDICTED_SEMANTIC,global_distance_maxima_r09,false_semantic_bridges,"[0.0, 0.3446600764145794, 0.0]"
m12_p02_s02,m12_p02,3,PREDICTED_SEMANTIC,global_distance_maxima_r09,missing_semantic_tissue,"[3.43500961802693e-05, 0.41337347199416163, 0.0036075546438423993]"
m12_p02_s03,m12_p02,1,PREDICTED_SEMANTIC,global_distance_maxima_r09,missing_semantic_tissue,[0.7530469555914978]
m12_p02_s04,m12_p02,3,PREDICTED_SEMANTIC,global_distance_maxima_r09,false_semantic_bridges,"[0.4927307447485678, 0.7621581995454879, 0.0]"
m12_p02_s05,m12_p02,3,PREDICTED_SEMANTIC,global_distance_maxima_r09,false_semantic_bridges,"[0.0, 0.3617203589843809, 0.0]"
m12_p02_s06,m12_p02,3,PREDICTED_SEMANTIC,global_distance_maxima_r09,false_semantic_bridges,"[0.0, 0.28940203370456513, 0.0]"
m12_p02_s07,m12_p02,3,PREDICTED_SEMANTIC,global_distance_maxima_r09,false_semantic_bridges,"[0.511083734239889, 0.735344081541075, 0.0]"
m12_p02_s08,m12_p02,3,PREDICTED_SEMANTIC,global_distance_maxima_r09,false_semantic_bridges,"[0.29167269808266766, 0.0, 0.0]"
m12_p02_s09,m12_p02,3,PREDICTED_SEMANTIC,global_distance_maxima_r09,false_semantic_bridges,"[0.49905364923747275, 0.717045584557802, 0.0]"
